node_id,longitude,latitude,girvan_newman_community
29229062,12.318677,45.4326724,0
29229064,12.3368105,45.4451114,1
247791629,12.3358422,45.4376445,1
3165552658,12.3196234,45.4330696,0
3165552659,12.3193992,45.433266,0
4827349023,12.3237711,45.4369676,2
7636418620,12.3182119,45.4384412,3
1867350096,12.3328202,45.4294853,0
298025047,12.3350009,45.4420887,1
1833566300,12.3215274,45.4356227,2
1833566303,12.3166302,45.4339087,0
1833566304,12.3155719,45.4324059,0
13737224860,12.3056981,45.4406769,3
1833566308,12.3171884,45.433296,0
49545317,12.328455,45.4478014,4
1833566320,12.317149,45.4333969,0
1833566321,12.320764,45.4349686,0
1833566325,12.3170321,45.4332517,0
1833566326,12.3177676,45.4333039,0
1833566327,12.3158107,45.4328263,0
4827349122,12.3238711,45.4369458,2
1833566356,12.3166344,45.4345148,0
1833566358,12.3172178,45.4332175,0
5131600023,12.346519,45.4382721,1
5131600026,12.3463993,45.4382671,1
4634706077,12.3342115,45.4340375,1
1833566369,12.3167856,45.4337293,0
1833566371,12.317005,45.4338264,0
298025133,12.3350035,45.4408308,1
4144512959,12.3584141,45.4355786,5
298025172,12.3361,45.4423,1
298025173,12.3354781,45.4418664,1
298025176,12.335962,45.4424366,1
4805492976,12.3276286,45.4353554,2
248119537,12.3453236,45.4388807,1
4827349226,12.3238845,45.4369747,2
5131600115,12.3207139,45.4428646,4
5131600116,12.3204168,45.4429268,4
4437983995,12.3449225,45.4339773,1
4437983998,12.3449303,45.4340242,1
10860069147,12.3174344,45.4379735,3
1476034846,12.3299627,45.4370766,2
3205333278,12.3293801,45.4360652,2
3205333285,12.3286176,45.4364148,2
5127897403,12.326223,45.435878,2
5127897404,12.3265613,45.4353966,2
49545568,12.3289845,45.4476363,4
1854243172,12.3461842,45.4355466,1
5131600231,12.3216812,45.4432826,4
298025324,12.3372866,45.4417651,1
7933722996,12.331694,45.4455,4
7933722999,12.3320728,45.445816,4
5362352513,12.3253332,45.4435831,4
4803133828,12.3287313,45.4387825,2
4803133829,12.328938,45.4386304,2
4471751048,12.3259478,45.4346537,2
4471751049,12.3259256,45.4346583,2
13737984395,12.3326062,45.4332725,1
4471751053,12.3255389,45.4347639,2
10860069146,12.317217,45.4380946,3
7965868454,12.3235658,45.4324142,0
7965868457,12.3235981,45.4322933,0
1862173148,12.3490552,45.4336591,5
1862173150,12.3493081,45.4339353,5
1862173159,12.3496928,45.4335434,5
1862173160,12.3493598,45.4338007,5
1862173161,12.3497249,45.4334433,5
298025459,12.3374828,45.4421766,1
1862173176,12.3492321,45.4338497,5
1862173184,12.3496325,45.4333217,5
3165553161,12.3229086,45.4363026,2
3165553162,12.3230441,45.4365362,2
11870077452,12.3395122,45.4367835,1
3165553163,12.3224085,45.4366823,2
3165553168,12.3234093,45.4371797,2
5151752721,12.3114457,45.4331035,0
5151752723,12.3116619,45.432665,0
5151752724,12.311858,45.4327135,0
5151752727,12.3114838,45.4330258,0
5151752725,12.3113692,45.4329988,0
5151752722,12.3118814,45.4322368,0
5151752731,12.3122411,45.4322907,0
5151752732,12.3122517,45.4320426,0
5151752733,12.3123736,45.4322962,0
5151752734,12.3123853,45.4320463,0
5151752735,12.3125922,45.4323036,0
5151752736,12.312602,45.4321605,0
5151752739,12.3125482,45.432051,0
5151752740,12.3126665,45.4320543,0
5151752741,12.3128169,45.4323103,0
5151752742,12.3128321,45.432059,0
5151752743,12.312951,45.4323143,0
5151752744,12.3129568,45.4320625,0
5151752745,12.3131783,45.432321,0
5151752746,12.3131842,45.4321646,0
5151752749,12.3131307,45.4320675,0
5151752750,12.3132419,45.4320706,0
5151752751,12.3134004,45.432327,0
5151752752,12.3134083,45.4320753,0
5151752753,12.313524,45.4323332,0
5151752754,12.3135339,45.4320789,0
5151752756,12.3132477,45.432529,0
252314171,12.3369947,45.4381501,1
252314174,12.3371501,45.4380431,1
252314179,12.3373708,45.437728,1
252314180,12.3372981,45.4375904,1
252314182,12.3372403,45.4380254,1
252314186,12.3375593,45.4401712,1
252314187,12.3379314,45.4397345,1
49545796,12.3292886,45.447994,4
7886537293,12.3590853,45.4358249,5
7886537291,12.3586873,45.4355887,5
7886537290,12.3585206,45.4354867,5
7886537292,12.3587277,45.4354728,5
298025559,12.3401771,45.442867,1
11945345626,12.3095234,45.4422726,3
5151752799,12.3126084,45.4327781,0
11945345625,12.3094433,45.4421795,3
11945345627,12.3088339,45.4422767,3
11945345636,12.3037406,45.4388032,3
5151752803,12.3134356,45.4332492,0
5151752804,12.3134269,45.4333511,0
11945345638,12.3045797,45.4395747,3
11945345637,12.3044991,45.4396099,3
49545834,12.3286771,45.4477334,4
11298013803,12.3498566,45.4347004,5
11298013807,12.3494095,45.4347166,5
1744077425,12.3370415,45.4428818,1
1712554617,12.3400628,45.4398228,1
5134615176,12.336324,45.4380908,1
3022324358,12.3561137,45.4309628,5
3022324362,12.355788,45.4308799,5
3022324365,12.3554386,45.4321955,5
3022324359,12.3559809,45.4316332,5
3022324369,12.3553635,45.4318124,5
3022324380,12.3563532,45.4310237,5
9489318552,12.3577429,45.4330917,5
29065891,12.3149206,45.4412906,3
5214698846,12.3555342,45.4316131,5
10956931805,12.3312331,45.4373167,2
10956931807,12.3303974,45.4371926,2
10956931808,12.3303972,45.4372114,2
194806514,12.3424984,45.4378649,1
8006828786,12.3301241,45.4289935,0
8006828787,12.3299623,45.4290176,0
2272199415,12.3498709,45.4379918,1
2272199416,12.3499298,45.4380239,1
2272199422,12.3584234,45.4382447,1
8006828799,12.3304233,45.4292647,0
5366153986,12.3277553,45.4291418,0
8006828803,12.3308219,45.4295459,0
4347724549,12.3287921,45.4328546,1
4347724550,12.3291003,45.4330169,1
2272199441,12.3574742,45.4389925,1
4930208533,12.3279215,45.4371225,2
2272199442,12.3576083,45.439015,1
3398708519,12.3192347,45.4385821,3
1926988608,12.3185128,45.4450288,4
1926988609,12.3183262,45.4451325,4
1926988613,12.318962,45.4451442,4
1926988614,12.318769,45.4452529,4
1926988617,12.3194935,45.4453777,4
1926988618,12.3190395,45.4454774,4
1926988620,12.3193072,45.4455323,4
1926988621,12.3190504,45.4454705,4
1926988630,12.319818,45.4460066,4
1926988632,12.3186979,45.4460161,4
6216549210,12.3550626,45.4333839,5
6216549211,12.3554881,45.4333673,5
6216549215,12.3516997,45.4345776,5
6216549219,12.3517223,45.4334475,5
4347724666,12.3289982,45.4329599,1
4347724667,12.3288861,45.4330877,1
2262139780,12.3331054,45.4310725,0
2262139781,12.3329033,45.4315535,1
5476877195,12.3188021,45.4345655,0
2262139792,12.3343145,45.4399798,2
2262139793,12.3341834,45.4399758,2
2262139795,12.3345031,45.4403899,1
454984600,12.3045411,45.438509,3
8527872923,12.327172,45.4452236,4
8527872924,12.3271406,45.4452348,4
8527872925,12.3271832,45.4452399,4
8527872926,12.3271514,45.4452509,4
8527872927,12.3271996,45.4452637,4
8527872928,12.3271675,45.4452748,4
8527872929,12.3272123,45.4452822,4
8527872930,12.3271803,45.4452938,4
8527872931,12.3272274,45.4453041,4
8527872932,12.3271951,45.445316,4
8527872933,12.3272393,45.4453212,4
8527872934,12.3272066,45.445333,4
4838949798,12.3169564,45.4446981,4
4838949801,12.3170981,45.4446131,4
2619671469,12.3496872,45.432703,5
1855718331,12.3336913,45.4378312,2
1855718350,12.333364,45.4380773,2
1855718354,12.333568,45.4377789,2
298025942,12.33964,45.4430231,1
298025948,12.336355,45.4438682,1
4680811489,12.3341067,45.4392863,2
4680811490,12.3343164,45.4391918,2
4473947132,12.315766,45.440216,3
2487649312,12.3185688,45.4453627,4
10575119399,12.3371672,45.4333426,1
10575119401,12.3371432,45.4333909,1
10575119402,12.3369533,45.4337517,1
10575119403,12.3370986,45.4334849,1
10575119404,12.3370671,45.4335442,1
10575119406,12.3372881,45.4330992,1
8154186798,12.3216668,45.4376234,2
8154186799,12.3216593,45.4375902,2
8154186801,12.3216805,45.4376821,2
8154186802,12.3216178,45.437689,2
8154186803,12.3216731,45.4376503,2
8154186804,12.3216105,45.4376567,2
8154186800,12.3215971,45.4375978,2
8154186797,12.3215908,45.4375702,2
4803920951,12.3299148,45.4367275,2
4803920955,12.3296696,45.4364943,2
5476222024,12.3213318,45.4378205,2
2487649355,12.3195564,45.4457315,4
2487649375,12.3198796,45.4459686,4
1077050612,12.323698,45.4430669,4
8602584267,12.331796,45.4426721,4
3050505429,12.3623638,45.4287463,5
298026198,12.3359866,45.4440406,1
3050505432,12.3627235,45.4289692,5
3586703301,12.3561028,45.4289967,5
8084817116,12.319746,45.4354416,3
3586703302,12.3560523,45.4290481,5
4897539297,12.3303811,45.4401028,2
13713802467,12.3270715,45.4406745,2
254805221,12.3336155,45.4320323,1
6466471153,12.3345644,45.4368214,1
6466471156,12.3348871,45.4365115,1
4803429620,12.3256139,45.432486,0
3586703306,12.3562061,45.4288928,5
8606614781,12.332014,45.442072,1
8145618680,12.3183852,45.4447992,4
8083735871,12.3269042,45.4416851,2
8074921350,12.3576616,45.432196,5
6335366536,12.3335052,45.4301317,0
11630708121,12.3089071,45.4424092,3
8074921373,12.3573347,45.4319927,5
8074921374,12.3573382,45.431934,5
10570794400,12.3467629,45.4354682,1
11630708126,12.3094557,45.442304,3
11630708130,12.3088785,45.4422568,3
49546664,12.3385775,45.4441496,1
11630708137,12.3089032,45.4420152,3
11630708138,12.3091199,45.4421123,3
11630708139,12.3091119,45.4423248,3
11630708152,12.3098658,45.441691,3
11630708160,12.3087754,45.4424663,3
248776130,12.3418048,45.4384458,1
7431128519,12.3088537,45.4423629,3
11630708166,12.3091359,45.4420568,3
27231707,12.3389336,45.4439547,1
27231715,12.3403708,45.4431517,1
27231718,12.3406765,45.442978,1
27231719,12.3411292,45.4427211,1
49546732,12.3377254,45.4435392,1
355567086,12.3412331,45.4357312,1
7431128564,12.3117185,45.4406988,3
11935188469,12.3317783,45.438348,2
10615784952,12.332148,45.4378346,2
10615784953,12.3322575,45.437763,2
10615784954,12.3325398,45.4377478,2
10615784956,12.3323439,45.4377001,2
10615784958,12.3330309,45.4372524,2
10615784959,12.3325061,45.4377542,2
10615784960,12.3323214,45.4378053,2
10615784957,12.332168,45.4378312,2
10615784962,12.3331258,45.4375698,2
10615784961,12.3326002,45.4370817,2
355567111,12.3415481,45.4362512,1
355567113,12.3419383,45.4362655,1
355567146,12.3452602,45.438644,1
355567148,12.3447967,45.4387146,1
4902225461,12.3336466,45.4390648,2
9844852295,12.3159273,45.4432857,3
1849034317,12.3213175,45.4477599,4
1913882192,12.3359277,45.4355326,1
1913882196,12.336239,45.4356839,1
3032942168,12.3359103,45.4383427,1
1913882203,12.334915,45.4369817,1
49546839,12.3377892,45.4436695,1
49546948,12.3382373,45.4435612,1
27363017,12.3378007,45.4396959,1
49546958,12.3378554,45.4437987,1
298026706,12.3335376,45.4426,1
2482210515,12.3248051,45.4429943,4
2482210516,12.321981,45.4430047,4
2482210518,12.3248627,45.4431456,4
2482210523,12.3231999,45.4431555,4
2482210524,12.3215944,45.4431855,4
1708754659,12.3394481,45.4377298,1
2482210537,12.3231471,45.4432108,4
1708754669,12.3391105,45.4378262,1
1708754670,12.3390212,45.4378495,1
11435181805,12.3209352,45.4435709,4
2482210539,12.323013,45.4432172,4
5144807166,12.3282301,45.4358494,2
3398708712,12.3186362,45.4407814,4
3398708715,12.3186785,45.4407976,4
2482210596,12.3242326,45.4432592,4
8065910576,12.3210489,45.4441699,4
247858996,12.3388813,45.4349779,1
316442417,12.3417723,45.4419066,1
10587146052,12.3392606,45.4337126,1
2482210625,12.3230513,45.4433032,4
2482210633,12.3216161,45.4433092,4
11945345598,12.3125132,45.4408924,3
411731800,12.3366711,45.4373549,1
3398708733,12.3182235,45.4410179,4
11842448384,12.3177448,45.4390373,3
49547114,12.3383078,45.4436956,1
2482210666,12.3245063,45.4434152,4
49547117,12.3387738,45.4435893,1
3398708735,12.3182815,45.4410372,4
2482210671,12.3244593,45.443454,4
2482210675,12.3217706,45.4435051,4
11842448387,12.3175318,45.4391429,3
2482210678,12.3235477,45.4435061,4
2482210687,12.3236081,45.4435204,4
2482210688,12.3234739,45.4435267,4
2482210692,12.3235485,45.4435372,4
10587146133,12.3393413,45.4335671,1
10587146134,12.3394493,45.4333723,1
9885255577,12.3605712,45.4300886,5
2482210717,12.3220054,45.4435708,4
2482210722,12.3236501,45.4435798,4
2482210724,12.3236081,45.4435801,4
2482210728,12.3234437,45.4435896,4
2482210748,12.3218613,45.4436202,4
222070721,12.3426313,45.4381263,1
222070725,12.3429407,45.4386983,1
3297085381,12.3475709,45.4364152,1
3297085386,12.348505,45.4371659,1
5377001429,12.3626627,45.4256098,5
4809531942,12.3318019,45.4453372,4
10575087579,12.3362901,45.4336712,1
2482210784,12.3220924,45.4439134,4
2482210794,12.3219383,45.443984,4
672466928,12.316922,45.4405017,3
2482210801,12.32223,45.4445174,4
672466930,12.3166186,45.4403629,3
4846061555,12.3298405,45.439241,2
4846061556,12.3296548,45.4393736,2
316442613,12.3420287,45.4422093,1
4212293019,12.3372883,45.4321834,1
8112211967,12.3368043,45.4333027,1
355928070,12.332287,45.4423274,1
355928072,12.3325317,45.4422071,1
4212293023,12.3379605,45.4324415,1
355928076,12.3352687,45.4408883,1
4212293024,12.3383035,45.4324995,1
355928081,12.335894,45.4415731,1
355928082,12.3361064,45.4407468,1
355928083,12.336546,45.4409078,1
355928085,12.3359153,45.4408106,1
355928086,12.3362495,45.4411704,1
10178856983,12.3595074,45.4282032,5
10178856981,12.3595006,45.4281819,5
10178856985,12.360067,45.4294413,5
4212293027,12.3430601,45.4334688,1
4212293029,12.3183434,45.4395517,3
9645230121,12.3389492,45.4347271,1
4212293031,12.3211444,45.4402645,4
7919765568,12.3279058,45.4299534,0
7919765569,12.3278178,45.4299838,0
3327461450,12.3133636,45.4403371,3
3327461451,12.3127724,45.440619,3
3327461453,12.312956,45.4406924,3
3327461466,12.3130051,45.4407059,3
3327461467,12.3129344,45.4405445,3
247793758,12.3310311,45.4305923,0
3327461485,12.3126957,45.4406121,3
12725356654,12.3066128,45.4349282,3
49547384,12.3379173,45.4439304,1
12725356663,12.3070436,45.4349973,3
12725356664,12.3067737,45.4351191,3
4370761861,12.326156,45.4307198,0
12725356672,12.3068761,45.4352412,3
12725356682,12.3059822,45.4357662,3
49973391,12.335763,45.4351669,1
49973394,12.3356964,45.4355875,1
49973399,12.3355965,45.4357179,1
12725356692,12.3055023,45.4359767,3
49973409,12.3354722,45.4358123,1
49973414,12.335718,45.4361588,1
4894394535,12.3288423,45.4392343,2
49973416,12.3358446,45.4360388,1
1838206272,12.3224915,45.4365064,2
1855391925,12.3557725,45.4330134,5
1855391928,12.3508767,45.433276,5
1855391929,12.351701,45.4326399,5
1855391930,12.3528924,45.4330764,5
1855391933,12.3500044,45.4335134,5
8059259078,12.3551714,45.432901,5
8059259082,12.3549572,45.4329026,5
1331529931,12.3274759,45.4450368,4
5373757664,12.3573284,45.4331896,5
5373757666,12.3572572,45.4330299,5
5373757667,12.3573971,45.4328098,5
7133661425,12.3247204,45.4477754,4
7133661426,12.3247084,45.4477558,4
7133661427,12.3247615,45.4477355,4
7133661428,12.3246895,45.4476326,4
7133661429,12.3247805,45.4477627,4
49547520,12.3383693,45.4438302,1
49547521,12.338842,45.443725,1
1927219469,12.319764,45.4403552,4
1927219474,12.3200655,45.4407263,4
1927219475,12.3208178,45.4408665,4
1927219479,12.3210338,45.4410566,4
1927219480,12.3206728,45.4412611,4
1927219482,12.3211464,45.4416749,4
10003908886,12.3148571,45.440108,3
5217650981,12.3349983,45.4350203,1
679479591,12.3442653,45.4385636,1
2732099893,12.3264066,45.438269,2
4370729270,12.3317557,45.436521,2
4370729275,12.3345897,45.4374995,2
2732099904,12.329551,45.4389538,2
2732099902,12.3243333,45.4385384,2
8006011204,12.3241797,45.4324042,0
2732099909,12.3294953,45.4390349,2
2732099913,12.3291972,45.4391765,2
1660324170,12.3409573,45.4414509,1
2732099919,12.3292308,45.4392032,2
2732099927,12.3288959,45.4393523,2
7578650971,12.337605,45.4335812,1
4183624047,12.3317964,45.4461087,4
4183624048,12.3310004,45.4456819,4
4183624049,12.331245,45.4459066,4
4803889582,12.3283476,45.4365054,2
4803889583,12.3278208,45.436572,2
4919658949,12.3578118,45.4283075,5
4919658953,12.3579485,45.4284605,5
6225168845,12.3577397,45.4319151,5
8838351311,12.3320443,45.4286626,0
27232724,12.3343508,45.4411572,1
2514782680,12.332333,45.4443884,4
13495011799,12.3323166,45.4441075,4
553322971,12.3153108,45.4413159,3
6225168855,12.3579671,45.4317062,5
27363816,12.3415012,45.4375736,1
3813050868,12.3229933,45.4382878,2
5178350754,12.3156559,45.4331975,0
8004045336,12.3201853,45.4351059,0
8004045339,12.3193613,45.4319882,0
8004045341,12.3196017,45.4322274,0
8004045343,12.3195648,45.4323418,0
316148259,12.3373872,45.4377574,1
316148260,12.3371659,45.4375952,1
8004045360,12.3160487,45.4321523,0
5186423345,12.3197399,45.436439,3
5186423346,12.3198836,45.4360118,3
5186423347,12.3188728,45.4344175,0
9214560823,12.3320179,45.4295236,0
3294857784,12.3421828,45.4388495,1
3294857786,12.3419835,45.4389012,1
3294857791,12.3416423,45.43898,1
3294857793,12.3412757,45.439064,1
3294857795,12.3410546,45.4391253,1
9214560829,12.3308994,45.4295528,0
3294857799,12.3409247,45.4393624,1
3294857806,12.3412812,45.4395125,1
8128465492,12.3328281,45.4359306,1
1521912411,12.3404247,45.437077,1
4453796445,12.3389246,45.4402383,1
49547871,12.337994,45.443477,1
4453796450,12.3394957,45.4402625,1
3294857834,12.342716,45.441823,1
365202051,12.3346069,45.4362434,1
1920010885,12.341511,45.4337413,1
1920010886,12.3418689,45.433797,1
1920010889,12.3414248,45.4342764,1
1920010890,12.3416033,45.4342831,1
1920010891,12.3418154,45.4343674,1
1920010898,12.3387726,45.4349304,1
1920010901,12.338848,45.4349633,1
1920010900,12.3422224,45.43497,1
1920010903,12.3418517,45.4349924,1
1920010906,12.338543,45.4350173,1
1920010907,12.3386664,45.4350639,1
1920010908,12.3390952,45.4350717,1
1920010910,12.3391496,45.4350934,1
1920010911,12.3413047,45.4350758,1
4453796511,12.3390491,45.4409913,1
1920010914,12.3401608,45.43518,1
1854966430,12.3478865,45.4341004,1
1920010916,12.3421217,45.4352279,1
1920010917,12.3420056,45.4352341,1
1920010918,12.3412564,45.4352385,1
1920010926,12.3424791,45.4353695,1
1920010928,12.3417255,45.435431,1
1920010932,12.3392522,45.4354884,1
1920010934,12.3421458,45.4354921,1
1920010936,12.3421605,45.4355071,1
1920010937,12.3425738,45.4354163,1
1920010938,12.3383445,45.4355508,1
1920010940,12.3384837,45.4355551,1
1920010941,12.3421941,45.4355858,1
1920010943,12.3389989,45.4357072,1
4453796543,12.34059,45.4414278,1
4453796545,12.3404416,45.4414866,1
10574760653,12.3394888,45.4333011,1
10574760665,12.3395741,45.4331442,1
3389131487,12.3273331,45.4403626,2
298024089,12.3348352,45.4420819,1
5403282193,12.3403702,45.4352334,1
10178890521,12.3647238,45.4269454,5
10178890522,12.3636903,45.4268747,5
138316571,12.3173736,45.4325968,0
10178890524,12.3636181,45.4267191,5
138316573,12.3173871,45.4324879,0
10178890523,12.3647132,45.4269922,5
5007084321,12.3260365,45.4359547,2
5007084324,12.3221972,45.4404894,2
5007084325,12.3222651,45.4404322,2
4793633575,12.3270053,45.43627,2
5159226164,12.3318797,45.4286659,0
5159226165,12.3318716,45.4283893,0
5159226166,12.3320394,45.4284068,0
8062208838,12.3205129,45.4430567,4
3586722634,12.3496354,45.4390146,1
5167778648,12.3306892,45.4399333,2
9214560824,12.3316095,45.4295167,0
9214560825,12.3314371,45.4295249,0
9214560827,12.3309308,45.4295516,0
9214560828,12.3310523,45.4295469,0
5620042625,12.3323941,45.4397242,2
5620042628,12.3329379,45.4398647,2
5620042632,12.3327641,45.4396798,2
5620042633,12.3326138,45.4397567,2
5476875858,12.3195057,45.4347016,0
1851649033,12.323172,45.4357468,2
13186763707,12.3207249,45.4381121,2
13186763714,12.3208571,45.4381618,2
13186763723,12.3206128,45.4382935,2
13186763731,12.3211738,45.438185,2
13186763735,12.3210115,45.4383481,2
13186763737,12.3208547,45.4382757,2
13186763747,12.3205435,45.4383554,2
1920437225,12.3459221,45.4381755,1
13186763757,12.3204317,45.4383041,2
13186763761,12.3201813,45.4384342,2
13186763767,12.3204143,45.4388172,2
13186763771,12.320616,45.4388748,2
10581478401,12.3449371,45.4352972,1
10581478404,12.3444624,45.435701,1
13186763781,12.3206931,45.4384823,2
13186763784,12.3206895,45.4385003,2
13186763786,12.320596,45.4385924,2
13186763789,12.3204759,45.4385366,2
13186763791,12.3205855,45.438427,2
13186763793,12.3203177,45.4387084,2
13186763796,12.3202257,45.43829,2
13186763801,12.3205596,45.4380174,2
13186763805,12.3207919,45.4380604,2
13186763813,12.3203375,45.4381125,2
13186763815,12.3205913,45.4382491,2
1997114408,12.3440818,45.4339997,1
13186763817,12.3205467,45.4382992,2
13186763819,12.320611,45.4383443,2
1522371629,12.330166,45.4440155,4
13186763823,12.3210866,45.438673,2
6224562685,12.357843,45.4319407,5
4845243466,12.3306685,45.4399437,2
4845243469,12.3309802,45.4400427,2
6224562690,12.3586391,45.431654,5
6224562696,12.3581564,45.4320886,5
8122043515,12.358663,45.4335773,5
5365599358,12.3168078,45.4380769,3
6224562698,12.3583317,45.4317158,5
4847897732,12.3269267,45.4381988,2
8021314692,12.3341617,45.4427126,1
4827843722,12.3343992,45.4306041,0
315260256,12.3423955,45.4383784,1
241791850,12.3395522,45.4370534,1
13780094141,12.3310672,45.4376064,2
49548512,12.3395021,45.4420916,1
6224562717,12.3585494,45.4319498,5
6224562718,12.3583166,45.4317875,5
4827843823,12.3343246,45.4307908,0
1235881201,12.3162413,45.4340027,0
7431128513,12.3076738,45.44223,3
4359032067,12.3249223,45.4372482,2
1235881243,12.3160651,45.4338255,0
10221708389,12.3577311,45.4294635,5
1851649114,12.3208441,45.4349555,0
10221708394,12.3574733,45.4293349,5
10221708397,12.3581391,45.4296158,5
2591390185,12.3596853,45.4302231,5
7931628894,12.3210784,45.4441044,4
7931628895,12.3213441,45.4440003,4
7931628896,12.321268,45.4440302,4
7931628898,12.3203206,45.4428671,4
49548643,12.3397258,45.442715,1
7931628899,12.3205209,45.443147,4
7931628901,12.3207134,45.4433296,4
7931628902,12.3205131,45.4434129,4
7931628903,12.3209448,45.4438177,4
7931628906,12.3211939,45.4439358,4
7931628908,12.3209216,45.4438878,4
7931628912,12.3209788,45.4438633,4
14002425201,12.3329935,45.4399864,2
7931628913,12.3209744,45.4439591,4
7931628916,12.3204464,45.444464,4
7931628911,12.3209144,45.4438187,4
14031228301,12.3126248,45.439026,3
5692788121,12.3316401,45.4327388,1
5692788122,12.3314513,45.4330006,1
1856834976,12.3322704,45.4390565,2
1856834977,12.3337977,45.4397986,2
14031228316,12.3122892,45.4391837,3
14031228317,12.3126387,45.4390411,3
14031228335,12.310401,45.4391041,3
14031228336,12.3125633,45.43915,3
14031228332,12.3069425,45.4352334,3
7959809475,12.3210486,45.4352167,0
358518212,12.3383414,45.437779,1
7959809477,12.3251803,45.4339451,2
7959809476,12.3210766,45.4351978,0
358518216,12.3378632,45.4377397,1
1742671305,12.3363483,45.4380524,1
358518219,12.3396473,45.4378057,1
1742671308,12.335301,45.437904,2
358518222,12.3388132,45.4379928,1
7959809484,12.3230691,45.4329354,0
358518224,12.3388378,45.4380508,1
2249166294,12.3257862,45.4407484,2
2249166298,12.3252809,45.4406135,2
2249166299,12.3250106,45.4404782,2
2249166300,12.3249963,45.4405377,2
2249166301,12.3256563,45.4407121,2
10855615965,12.3186394,45.435094,0
10855615966,12.3187534,45.4348382,0
5649829355,12.3354385,45.4382933,2
5649829356,12.3351512,45.4384944,2
5649829357,12.3348742,45.4386882,2
5649829358,12.3347773,45.43862,2
5649829359,12.335059,45.4384233,2
3171356162,12.3213863,45.4436227,4
3171356163,12.3236207,45.4447453,4
7431128570,12.3100767,45.4402763,3
248122904,12.3360686,45.4378056,1
49548825,12.3399177,45.4426823,1
4813229596,12.3186835,45.4386433,3
4813229598,12.3187856,45.4387343,3
2477428252,12.3260039,45.4425205,4
5373759006,12.3571344,45.4329954,5
5373759007,12.3574505,45.4326693,5
7431128573,12.3100448,45.4408264,3
7431128576,12.3043359,45.4382646,3
9094598206,12.3289061,45.4381383,2
10108266853,12.3503735,45.4378863,1
2517372500,12.3477256,45.4368666,1
4470345305,12.3365858,45.4367983,1
3393916506,12.3220389,45.4403462,2
1838206260,12.320993,45.4370069,2
3393916518,12.3193081,45.4428584,4
4470345324,12.3366262,45.4368655,1
3393916536,12.3205883,45.4439578,4
3393916533,12.3210643,45.4437755,4
4730387592,12.325164,45.4417498,2
248778385,12.3388821,45.4401031,1
248778388,12.3366795,45.4399807,1
248778389,12.3375643,45.4396764,1
5360651923,12.3380793,45.4328825,1
248778391,12.337768,45.4393275,1
5643472558,12.3252387,45.4333036,2
1844121266,12.3420882,45.4368775,1
9412972218,12.3456794,45.4361294,1
1844121278,12.3427708,45.4365557,1
2514783936,12.3260288,45.4405826,2
2514783938,12.3263187,45.4405763,2
3398708228,12.3186823,45.438014,3
2256015083,12.3503345,45.4378862,1
14031518621,12.3563987,45.4290998,5
5904404206,12.3234068,45.432262,0
1838206266,12.3211346,45.4369455,2
1730379114,12.3396739,45.44257,1
1730379115,12.3394876,45.4426018,1
5221945095,12.3469066,45.4368794,1
5221945096,12.3469204,45.4371271,1
5221945098,12.3470717,45.4372269,1
5221945099,12.3469968,45.4372315,1
13737430830,12.3059696,45.4434504,3
13737430831,12.3058458,45.4434992,3
13737430832,12.3057269,45.443546,3
9684913977,12.3343027,45.4330432,1
10571059013,12.3494308,45.4328676,5
10571059016,12.3494522,45.4328349,5
6026202971,12.3327504,45.4387884,2
6026202973,12.3337201,45.4391339,2
6026202975,12.3309118,45.438853,2
6026202976,12.3309762,45.4388198,2
7887753051,12.3391295,45.433949,1
1854246767,12.3443033,45.4361656,1
1854246768,12.3445106,45.4361705,1
1846120318,12.3163903,45.4338503,0
1846120323,12.3168,45.4331553,0
672509244,12.3180235,45.4376603,3
61083569,12.3303257,45.4349204,1
61083573,12.3313264,45.4349991,1
1675825096,12.3357281,45.4382329,1
5476814792,12.3200655,45.433341,0
1826066389,12.3411643,45.4379612,1
3118632934,12.3163835,45.4338733,0
49549291,12.3368291,45.4426999,1
49549296,12.3369962,45.4430202,1
10214281221,12.3054372,45.4420822,3
10214281222,12.3051703,45.4417491,3
10214281224,12.3066657,45.4437697,3
10214281225,12.3063177,45.4433717,3
10214281226,12.3062708,45.4437398,3
10214281227,12.3060573,45.443474,3
10214281230,12.3065076,45.4432972,3
10214281232,12.3050917,45.4423819,3
10214281234,12.3057631,45.4435896,3
10214281237,12.3063061,45.4433178,3
10214281238,12.305407,45.442239,3
10214281239,12.3052608,45.4423053,3
10214281240,12.3061445,45.4433814,3
10214281241,12.3064712,45.4432527,3
10214281242,12.3055539,45.4421725,3
10214281243,12.3049745,45.442435,3
10214281244,12.304835,45.4424388,3
3469465277,12.3664947,45.4276888,5
3469465278,12.366673,45.4274783,5
13473976436,12.3552502,45.4305937,5
13473976437,12.3551461,45.4305788,5
13473976438,12.3554352,45.4306203,5
13473976439,12.3549491,45.4305506,5
2956136570,12.3307669,45.4465415,4
2956136573,12.3307812,45.4465609,4
5164601485,12.3231264,45.4376377,2
703598737,12.3123809,45.4407485,3
2962362517,12.3613793,45.4338221,5
3469465288,12.3672202,45.4264514,5
4906160298,12.3335694,45.4386522,2
4735865004,12.328299,45.4425411,4
4633366707,12.3333802,45.4339666,1
5864329398,12.3246637,45.4312743,0
5864329399,12.3248552,45.4312323,0
6255448302,12.343443,45.4404676,1
6255448303,12.3434367,45.4404432,1
6255448307,12.3440942,45.4403551,1
6255448308,12.3442478,45.4404675,1
11630708162,12.3099044,45.4416625,3
4858450185,12.3418334,45.4365194,1
4858450186,12.342022,45.4366154,1
4823795650,12.3328374,45.4294877,0
178983188,12.3269541,45.4362222,2
5366190366,12.334016,45.4289655,0
4823795655,12.3328396,45.4293263,0
5403087173,12.3489092,45.4374593,1
5137764684,12.324322,45.4341575,2
13700764031,12.3195186,45.4381624,3
4510781835,12.3463705,45.4384978,1
4510781838,12.3463763,45.4385248,1
13700764043,12.31941,45.4380779,3
1823314332,12.3411369,45.4384144,1
165384690,12.3340142,45.4416688,1
13463130627,12.3088235,45.4428689,3
13463130628,12.3088993,45.4429536,3
11277537811,12.3285058,45.4314819,0
165384730,12.3344779,45.4411003,1
13463130661,12.3087661,45.4382355,3
165384744,12.3352946,45.4419491,1
13463130664,12.3089208,45.4381427,3
13463130665,12.3061677,45.4353945,3
7819465266,12.3160953,45.4384558,3
7819465268,12.3159592,45.4386929,3
10610872887,12.3376995,45.4325374,1
10610872888,12.3377114,45.4326128,1
10610872889,12.337608,45.432774,1
7819465275,12.3170665,45.4388614,3
7819465276,12.3169462,45.4387558,3
7819465280,12.3174392,45.4384783,3
7819465274,12.3172087,45.4382797,3
7819465277,12.3179111,45.4382111,3
672502343,12.3187221,45.4374636,3
165384779,12.3365989,45.4424015,1
672502349,12.317928,45.4377115,3
3392463422,12.3197809,45.4396061,4
165384789,12.337635,45.4416845,1
691475059,12.3235282,45.4431819,4
691475062,12.3239941,45.4436139,4
1828524685,12.3339255,45.440636,1
29233811,12.3274891,45.4457684,4
9654833822,12.3607886,45.4298419,5
3638268575,12.335559,45.4383629,1
9654833825,12.3604869,45.430084,5
4858450646,12.3414452,45.4381949,1
4858450662,12.3416622,45.4378576,1
4858450663,12.3415692,45.4378393,1
3281261304,12.3281067,45.4464888,4
3281261305,12.3282455,45.4467739,4
10592555786,12.3306817,45.4333347,1
8058868500,12.3537987,45.4328464,5
8058868501,12.35375,45.4331324,5
8544654111,12.3484531,45.4350588,1
1521881891,12.3572111,45.4355359,5
10214303536,12.3052934,45.4416169,3
3181646645,12.328662,45.4341639,1
1913852726,12.3330096,45.4327825,1
1913852728,12.3334341,45.4327927,1
1913852731,12.3330132,45.4328759,1
1913852733,12.3334149,45.4328822,1
8078201667,12.3464604,45.4340197,1
1913852755,12.3330008,45.4331943,1
1913852758,12.3324893,45.433239,1
8259179352,12.3150311,45.4387249,3
4858450785,12.3416483,45.437476,1
1913852772,12.3326771,45.4335752,1
4735832928,12.3391253,45.4438838,1
8259179367,12.3152435,45.4389845,3
11842448389,12.3172545,45.4388944,3
1913852798,12.3338282,45.4345901,1
13463130674,12.3063459,45.4353242,3
3302963292,12.3472318,45.4340572,1
13463130675,12.3066901,45.4351917,3
3302963293,12.3477645,45.4341994,1
13463130677,12.3059015,45.4346075,3
8811352989,12.3237029,45.4428532,4
8811352990,12.3236114,45.4428007,4
8811352991,12.3239281,45.4426605,4
8811352992,12.3238648,45.4426227,4
4241036204,12.3335963,45.4337535,1
315260247,12.342665,45.4387536,1
13463130685,12.3059322,45.4341313,3
13463130686,12.3134933,45.4378914,3
5231219659,12.3439497,45.4410774,1
13463130689,12.3131801,45.4377939,3
8124771658,12.3589512,45.4324497,5
3586692089,12.3549397,45.429974,5
3586692091,12.3551147,45.4298909,5
3586692095,12.3551793,45.4298498,5
3297317908,12.3459687,45.4369232,1
3297317910,12.3459691,45.4369671,1
4821455922,12.3351933,45.4388895,2
4821455923,12.3350936,45.4389586,2
4821455925,12.3355584,45.438797,2
4821455926,12.3354923,45.4390996,2
1855394869,12.3414038,45.4367303,1
4821455945,12.3250046,45.4361622,2
1831507026,12.357679,45.4313613,5
1921651800,12.3215473,45.4410843,4
1921651801,12.3220031,45.4411402,4
1831507037,12.3548636,45.4318663,5
8261473375,12.3504092,45.4378457,1
1831507039,12.3558046,45.4304109,5
1831507045,12.3573472,45.4312768,5
1921651806,12.3221709,45.442864,4
1831507047,12.3580504,45.4314558,5
1831507049,12.3552773,45.4300258,5
1921651813,12.3224626,45.443068,4
1921651819,12.3215814,45.4431841,4
1831507058,12.3563079,45.4310122,5
1921651822,12.3221788,45.443209,4
49550452,12.3396133,45.4400952,1
1831507061,12.356994,45.4311869,5
1831507060,12.3591306,45.4276072,5
1921651829,12.3208452,45.44351,4
1921651828,12.3218999,45.4434619,4
1921651830,12.320986,45.4436144,4
1831507071,12.3600393,45.4273548,5
1831507072,12.3559464,45.4309202,5
1831507073,12.3600264,45.4280353,5
1921651842,12.3205865,45.4436416,4
1921651848,12.3229424,45.4442619,4
1921651846,12.3220025,45.4442199,4
1921651852,12.3226739,45.4443672,4
1921651854,12.3205037,45.4444329,4
1831507087,12.3551383,45.4298798,5
1867945105,12.3569129,45.4324934,5
1831507090,12.3561716,45.4304833,5
10570568853,12.3459453,45.4361345,1
1831507095,12.354748,45.4319377,5
1831507097,12.3556515,45.4308503,5
1867945110,12.3571005,45.4298748,5
1831507098,12.3609245,45.4274671,5
1867945118,12.358244,45.4302582,5
1831507099,12.3576678,45.4325528,5
1921651865,12.3211408,45.4445878,4
1921651877,12.3230756,45.4446603,4
1921651881,12.3227512,45.4447543,4
1921651883,12.3224747,45.4448352,4
1921651885,12.3215003,45.4448614,4
1921651887,12.3213965,45.4449032,4
1867945136,12.3569758,45.4315029,5
1921651889,12.322229,45.4449043,4
1867945154,12.3569397,45.4321769,5
1867945156,12.3573052,45.4299449,5
1867945159,12.3595516,45.4311598,5
1867945163,12.3591711,45.4305693,5
250418384,12.3381784,45.4434378,1
1867945170,12.3574,45.4297874,5
1867945168,12.3583558,45.4301063,5
1867945172,12.356956,45.4318348,5
1867945192,12.3570173,45.4296715,5
4899902714,12.3232242,45.4406409,2
4899902715,12.3235339,45.4407721,2
2486015239,12.3267681,45.4474338,4
4793603355,12.3287937,45.4367661,2
4793603357,12.3285033,45.4370969,2
4793603358,12.3285892,45.4369984,2
4793603359,12.3284131,45.4369269,2
49517875,12.3387131,45.4366609,1
2486015296,12.3276107,45.4476338,4
2486015302,12.3283553,45.4476424,4
49517906,12.339423,45.4371449,1
49517909,12.3400185,45.4376018,1
7965840725,12.3340101,45.4323871,1
2486015319,12.3280466,45.4477319,4
183899485,12.3247796,45.4464558,4
2486015325,12.3280687,45.4477679,4
6225168852,12.3577736,45.431854,5
2486015350,12.3276915,45.4478622,4
6225168853,12.3578693,45.4316798,5
6225168854,12.357872,45.4318805,5
10579252619,12.3191564,45.4322086,0
10579252618,12.3187772,45.4321599,0
10579252621,12.3192819,45.4325969,0
10579252622,12.3192553,45.4322701,0
10579252623,12.3193174,45.4323348,0
2486015382,12.3277742,45.4479643,4
3022362016,12.3551528,45.4330519,5
3022362021,12.3554768,45.4330303,5
2486015424,12.3282534,45.4480637,4
49518018,12.3398515,45.4367982,1
49518021,12.3392356,45.4372424,1
49518022,12.3389474,45.4373407,1
11215309488,12.3527212,45.4326537,5
2486015465,12.3280532,45.4481256,4
10592605148,12.3347011,45.431022,0
10592605149,12.3352948,45.4307873,0
12666705408,12.3060839,45.4357229,3
3327497731,12.3124926,45.4408908,3
3327497740,12.3121692,45.4408655,3
3294991891,12.3487579,45.4373844,1
3327497752,12.3124402,45.4407351,3
3327497753,12.3108242,45.4398884,3
2486015521,12.3274261,45.448317,4
12666705445,12.305975,45.4341806,3
2486015546,12.3285043,45.4483462,4
3294991931,12.3463305,45.4379607,1
298030650,12.3227693,45.4443464,4
3294991935,12.3442183,45.4380399,1
3294991946,12.3434608,45.4382152,1
2486015572,12.3285487,45.4484203,4
27465310,12.3449531,45.4333699,1
9196476004,12.3073626,45.4418128,3
9196476005,12.3077787,45.4418338,3
5115352678,12.3259805,45.433992,2
9196476008,12.3075284,45.4420523,3
9196476007,12.3075776,45.4418253,3
4803892850,12.3242635,45.4359986,2
364713609,12.3356233,45.4368124,1
5151752728,12.3115518,45.4326382,0
364713612,12.3364481,45.4370841,1
364713613,12.3360993,45.4373248,1
364713614,12.3369321,45.4365183,1
364713615,12.3372812,45.4365329,1
4878866061,12.3249252,45.4365012,2
9547650734,12.3058166,45.4412584,3
8579126965,12.3364348,45.4333969,1
8579126966,12.3362786,45.4333786,1
8579126967,12.3363124,45.4333845,1
8579126974,12.3364583,45.4319975,1
8579126975,12.3365582,45.4320243,1
8579126976,12.3365134,45.4321082,1
8579126977,12.3367158,45.4320339,1
8579126978,12.336649,45.4321456,1
8579126979,12.3368016,45.4320921,1
2105644741,12.3241675,45.4475481,4
2105644745,12.3254037,45.4476325,4
2105644747,12.3253545,45.447647,4
2105644749,12.3252074,45.447691,4
2105644750,12.325159,45.4477047,4
2105644755,12.3226274,45.4478582,4
2105644756,12.3256868,45.4478971,4
12725356676,12.3058581,45.4358191,3
4843804397,12.3323694,45.4370479,2
12725356681,12.3056083,45.4354501,3
3281229586,12.3263986,45.4453379,4
298030866,12.3222692,45.4438433,4
1937756597,12.3203662,45.4476622,4
5234595621,12.3493319,45.4381749,1
5234595622,12.3493764,45.4382492,1
5234595623,12.3496912,45.4380444,1
5234595624,12.3497547,45.4381549,1
5234595625,12.3499546,45.4380785,1
5234595628,12.3491579,45.4382505,1
5234595629,12.348907,45.4383205,1
5234595630,12.3490919,45.4385236,1
5234595631,12.3491419,45.4386174,1
5151752763,12.3131351,45.4328113,0
1833539389,12.3202138,45.4324326,0
1833539390,12.3206886,45.4313484,0
1833539391,12.3243418,45.4332201,0
1833539402,12.3253516,45.4338339,2
1743624029,12.3374681,45.442901,1
1743624034,12.3377951,45.4431418,1
1833539448,12.3206787,45.431818,0
4843837306,12.33018,45.4365572,2
1833539451,12.3226952,45.4324645,0
1833539459,12.3263632,45.4358746,2
5643474820,12.326036,45.4356086,2
3586725767,12.3447017,45.4408222,1
1833539463,12.3205846,45.4320424,0
12666696552,12.3065874,45.4365114,3
5186262936,12.3202357,45.4349773,0
1833539502,12.3225922,45.432889,0
1833539511,12.3242325,45.4308215,0
1833539512,12.3246019,45.4320232,0
2916095934,12.3456651,45.4387754,1
14031518639,12.3566662,45.4286626,5
2656081874,12.3167947,45.4330448,0
1833539540,12.3261395,45.4355636,2
8647808986,12.3337042,45.4395472,2
8647808987,12.3339924,45.4398154,2
8647808989,12.3336332,45.4394813,2
1804834796,12.3389904,45.437733,1
1833539572,12.3217525,45.4338062,0
1833539584,12.3210691,45.4337614,0
1637128194,12.3379807,45.4394842,1
1833539586,12.3201864,45.4332362,0
1833539595,12.3245174,45.4322801,0
1833539598,12.3216587,45.4339342,0
1833539616,12.3206868,45.4313064,0
1833539655,12.3258531,45.4389607,2
2123929681,12.3044054,45.4395082,3
3310622802,12.3383296,45.4427492,1
3310622804,12.3384485,45.4429518,1
3310622808,12.3375485,45.4431697,1
3310622810,12.3386532,45.4433262,1
3310622813,12.3358417,45.4433925,1
3310622817,12.3387122,45.443456,1
1833539682,12.3247146,45.4396787,2
3310622819,12.3357347,45.4434832,1
1833539685,12.3241679,45.4401462,2
1833539696,12.3234827,45.438964,2
1856706680,12.328918,45.4389548,2
1833539705,12.324348,45.437393,2
1856706685,12.3290859,45.4400861,2
1856706687,12.3274058,45.4414432,2
1856706693,12.3291318,45.4420746,2
2123929737,12.31315,45.4407694,3
191240331,12.3349896,45.4358131,1
191240332,12.3344283,45.4356506,1
1833539725,12.3237633,45.432287,0
1856706706,12.3285641,45.4403873,2
1856706708,12.3283913,45.4409184,2
1856706709,12.3290622,45.4380434,2
8599574678,12.3233673,45.4390302,2
8599574679,12.3233874,45.4390412,2
1856706712,12.3280848,45.4393079,2
1856706713,12.3282601,45.442196,2
1856706715,12.3288582,45.4383304,2
1856706735,12.3290275,45.441267,2
1856706737,12.3287578,45.4388042,2
5128165557,12.3258171,45.4365959,2
1856706753,12.3286932,45.4405389,2
1833539777,12.3261804,45.4355459,2
1856706755,12.3294528,45.4404012,2
1856706757,12.3282118,45.4406283,2
1856706759,12.3293166,45.439285,2
1856706768,12.3280639,45.4412327,2
1833539792,12.3243645,45.4330989,0
1856706778,12.3287497,45.4415561,2
1856706783,12.3295404,45.4404705,2
1856706786,12.3290319,45.4383525,2
1856706788,12.3287348,45.4408937,2
11866446055,12.3404722,45.4387483,1
1833539816,12.3247199,45.4320439,0
1856706797,12.3289754,45.438098,2
1856706798,12.3286771,45.4408278,2
1856706805,12.3286653,45.4377666,2
1833539832,12.3204734,45.4350955,0
1833539834,12.3203667,45.4354413,0
1833539843,12.3173523,45.4348099,0
1833539845,12.3174415,45.4347012,0
1833539847,12.3177131,45.4343875,0
8352602377,12.3143032,45.4396911,3
1833539850,12.3179207,45.4344123,0
8352602378,12.3141745,45.4397909,3
1833539852,12.3243678,45.4327455,0
8352602379,12.3140323,45.4398982,3
8352602381,12.3139086,45.4399937,3
8352602383,12.3137795,45.4400904,3
8352602385,12.3136485,45.4401887,3
8352602386,12.314439,45.4395959,3
8352602389,12.3140337,45.439502,3
8352602390,12.313858,45.4395603,3
8352602391,12.3136662,45.4396177,3
8352602384,12.3132008,45.4398897,3
8352602394,12.3130895,45.439981,3
8352602395,12.3130734,45.4400327,3
8352602398,12.3135616,45.4402539,3
8202590498,12.319825,45.437601,3
8202590499,12.3194121,45.4376126,3
8352602403,12.3150019,45.439964,3
1833539885,12.3261536,45.4420058,2
1833539891,12.3249439,45.4416868,2
8352602415,12.3153337,45.4402561,3
1833539894,12.3245623,45.441577,2
13186734400,12.3208558,45.4379468,2
3281295689,12.3359352,45.444284,4
1904810349,12.3284627,45.4431509,4
1904810350,12.328114,45.4432539,4
1904810351,12.3278214,45.4433286,4
1904810353,12.3285322,45.4434394,4
1904810354,12.3277578,45.4434766,4
1904810356,12.3282212,45.4434951,4
5142583670,12.3242766,45.437166,2
1904810358,12.3301643,45.4436167,4
7984585083,12.3291318,45.4450311,4
1904810363,12.3268943,45.4437188,4
8012613390,12.3156686,45.4379528,3
1904810374,12.3285954,45.4437331,4
1904810376,12.3291917,45.4439282,4
1904810384,12.3268987,45.4442287,4
1904810386,12.3275167,45.4443363,4
1904810388,12.3277548,45.444401,4
3403782555,12.3235467,45.4310662,0
8039111071,12.3322558,45.438314,2
3403782559,12.3237449,45.4315005,0
3403782571,12.3230025,45.4337988,2
8039111078,12.3221872,45.4389559,2
8039111080,12.3221698,45.4389203,2
3403782567,12.3244013,45.433228,2
3403782572,12.3242919,45.4338077,2
3403782574,12.3235398,45.4338646,2
3403782575,12.3238131,45.433898,2
3403782576,12.3242694,45.4339266,2
3403782580,12.3237062,45.4342088,2
3403782581,12.3246025,45.43422,2
3403782584,12.3257786,45.4342526,2
3403782586,12.3236717,45.4345875,2
4845869526,12.3337296,45.4295993,0
4845869528,12.3339377,45.4295423,0
2407045597,12.3618799,45.4279086,5
4404091358,12.3182673,45.4377257,3
2407045598,12.3618131,45.4287753,5
2407045601,12.3617788,45.4276364,5
2407045602,12.360151,45.4269365,5
2407045603,12.3608288,45.4270376,5
2407045604,12.3612613,45.4268652,5
8541444583,12.337704,45.4329088,1
8541444584,12.3379486,45.4329736,1
8541444585,12.3380779,45.4330072,1
8541444586,12.338215,45.433042,1
2407045611,12.3629111,45.4282687,5
2407045612,12.3618425,45.4283003,5
2407045613,12.3624936,45.4278975,5
2407045617,12.3624505,45.4282748,5
2407045619,12.3622066,45.4285122,5
2407045620,12.3622066,45.4287511,5
2407045621,12.3627693,45.4287378,5
672496750,12.3185345,45.4384804,3
5316057622,12.3320136,45.4434251,4
1854216728,12.3289153,45.4288585,0
1854216730,12.3286267,45.4289301,0
4829452825,12.3503894,45.4348937,5
29071937,12.3425105,45.4349508,1
29071942,12.3417471,45.4355599,1
4849867342,12.3280191,45.4393501,2
12229352015,12.3242236,45.4369568,2
12229352011,12.3241543,45.4368706,2
12229352014,12.3241962,45.4369547,2
4758575822,12.3601579,45.4310472,5
4758575825,12.3595677,45.4310393,5
4758575826,12.3626405,45.4299269,5
4758575828,12.3626392,45.4295608,5
5145107169,12.3291532,45.4401437,2
5145107170,12.3293237,45.440048,2
11540381633,12.3519341,45.4319281,5
3403782894,12.3243205,45.4354927,2
3403782893,12.3238936,45.4349119,2
3403782907,12.3162823,45.4357454,3
3403782909,12.3229987,45.4357635,2
7965678335,12.3355425,45.4352983,1
3403782911,12.3162196,45.4357836,3
257465092,12.3417337,45.4376612,1
298031876,12.3274822,45.4447982,4
3327497745,12.310693,45.4397969,3
4360280842,12.3549009,45.4349961,5
3403782930,12.323942,45.4359785,2
672471830,12.3155004,45.441081,3
5158476576,12.330465,45.440166,2
3403782966,12.3188248,45.436895,3
3403782969,12.3175894,45.4373779,3
1671797568,12.3397332,45.4415481,1
3403782976,12.3174585,45.4375418,3
13716364202,12.3249836,45.4425512,4
5142584268,12.3250755,45.4366989,2
5142584269,12.3264239,45.4358689,2
5142584271,12.3237104,45.4373458,2
11842448380,12.3164034,45.4384219,3
3294665705,12.3395373,45.438279,1
10825219990,12.3079351,45.441867,3
3294665708,12.3389601,45.4383766,1
3294665710,12.3389996,45.4384936,1
10825219991,12.3080193,45.4418842,3
3294665727,12.3391679,45.4387731,1
3294665735,12.3392134,45.439278,1
11842448382,12.3163642,45.4383865,3
3294665747,12.3391872,45.4398352,1
3294665750,12.3390129,45.4398985,1
333782038,12.3205339,45.4428011,4
672472116,12.3152765,45.4414966,3
672472118,12.3150841,45.4414482,3
4932672589,12.3309817,45.4352474,1
1627495548,12.3367589,45.4396113,1
2263358605,12.3562336,45.4309933,5
2263358606,12.3560268,45.4319661,5
2263358613,12.3559363,45.433031,5
2263358611,12.3559935,45.4325538,5
49519767,12.3400202,45.4359532,1
49519769,12.3397783,45.4361523,1
4913470621,12.3344094,45.4336624,1
60791970,12.321235,45.4388681,2
1027284133,12.3309825,45.4303926,0
7791549605,12.3319599,45.4420541,1
4804156586,12.3349574,45.438356,2
60791981,12.3300514,45.4340191,1
7623429034,12.3630023,45.4271085,5
60791987,12.3302039,45.4339351,1
49519798,12.3397943,45.4365583,1
60791988,12.3303255,45.4340244,1
3177979072,12.3275737,45.4428917,4
3177979074,12.3273444,45.4429278,4
4813069506,12.3284884,45.4389647,2
4813069509,12.3287132,45.4390604,2
3300433095,12.3415537,45.435052,1
3300433096,12.3411322,45.4350638,1
1915133131,12.3320084,45.4316918,1
3177979087,12.3285086,45.4433415,4
3177979093,12.3281817,45.4434004,4
1915133147,12.3320711,45.4321967,1
1915133149,12.3318445,45.4322194,1
3300433123,12.3411416,45.4359742,1
3300433124,12.3409851,45.4360474,1
3177979113,12.3263886,45.4436957,4
3300433125,12.3410373,45.4360749,1
3177979118,12.3252554,45.443972,4
3300433126,12.3409337,45.4360992,1
1714199789,12.3415216,45.440675,1
3177979116,12.3282813,45.4439077,4
3177979125,12.3254853,45.4441506,4
3177979122,12.3264977,45.4440621,4
3177979119,12.3252021,45.4439943,4
3177979128,12.3300637,45.4443506,4
296230136,12.326146,45.4451704,4
3177979135,12.3295121,45.4445099,4
3177979140,12.3284656,45.4447285,4
3177979149,12.3287241,45.44507,4
3177979151,12.3271551,45.4451991,4
3177979152,12.3271668,45.4452161,4
3177979153,12.3272475,45.4453332,4
9117474069,12.326987,45.4322167,0
9117474070,12.3269733,45.4322782,0
9117474072,12.3270991,45.43209,0
4843805993,12.3327264,45.436778,2
6351887689,12.3207852,45.4473948,4
6351887691,12.3204662,45.4474528,4
11842448395,12.3170146,45.4394436,3
4829486421,12.3500713,45.4348789,5
4829486430,12.3420921,45.4349539,1
4829486432,12.3420393,45.4349776,1
1828986225,12.3061336,45.4404281,3
1828986227,12.3055549,45.4407379,3
5691678070,12.3252716,45.435937,2
5691678072,12.3253858,45.4358903,2
49520034,12.3417623,45.4357263,1
4359036328,12.3244122,45.4375203,2
251502024,12.3265643,45.4358117,2
251502029,12.3268995,45.4361698,2
2249170384,12.3250416,45.4440681,4
10010561202,12.3151188,45.440709,3
298032596,12.3280504,45.4447768,4
10010561204,12.3161824,45.4413874,3
3941375453,12.3241997,45.4383188,2
12438019585,12.3175886,45.4392082,3
5558803970,12.3150421,45.4332248,0
1813618188,12.340235,45.4361424,1
5558803979,12.314859,45.4313571,0
5558803980,12.3146807,45.4323596,0
10571095567,12.3529481,45.4322385,5
10571095568,12.3530149,45.4318463,5
5558803982,12.3146592,45.432626,0
5558803981,12.3148686,45.4323686,0
5558803983,12.3148462,45.4326336,0
5558803984,12.3146431,45.4328619,0
5558803985,12.3148253,45.4328706,0
3512114740,12.3243483,45.4407978,2
11842448404,12.3150274,45.4414545,3
1853421491,12.3307784,45.4297004,0
3512114765,12.3252885,45.4403817,2
3512114771,12.3258111,45.4404626,2
1853421496,12.3303978,45.4297468,0
1856806499,12.3341064,45.4397798,2
3512114789,12.3254616,45.440661,2
4227636842,12.3302362,45.4292883,0
4227636847,12.3305721,45.4295749,0
4227636850,12.3326843,45.4291512,0
10575126131,12.3398044,45.4342168,1
4849424573,12.323612,45.4331303,0
8544362111,12.3584123,45.431548,5
356261504,12.3119058,45.4329891,0
11869101749,12.3474133,45.4363454,1
3512114894,12.3239647,45.4407068,2
3512114898,12.323937,45.4407367,2
3512114900,12.3258093,45.4407531,2
3512114905,12.3238993,45.4407775,2
3512114912,12.3243933,45.440802,2
3512114917,12.3243566,45.4408472,2
3512114918,12.3255733,45.4408623,2
3512114921,12.3243232,45.4408884,2
4359036649,12.3250716,45.4373837,2
3512114923,12.3239314,45.4408918,2
3512114924,12.3252595,45.4408945,2
49520372,12.3408898,45.4356349,1
3512114940,12.3241543,45.4409835,2
3512114941,12.3255124,45.4409901,2
3512114943,12.3255781,45.4410183,2
3512114944,12.3245088,45.4410277,2
4902231809,12.3332709,45.4388676,2
4902231810,12.3331939,45.4388015,2
3512114945,12.3241206,45.441029,2
3512114948,12.3256448,45.4410469,2
3512114953,12.3245901,45.4410636,2
3512114963,12.3250542,45.441138,2
3512114971,12.3254484,45.4412082,2
3512114972,12.3237298,45.4412243,2
4449378082,12.3427292,45.4382791,1
298032936,12.3279741,45.4447699,4
4449378094,12.3416476,45.4384666,1
14031167288,12.3104113,45.4391646,3
14031167289,12.310196,45.4392551,3
4449378108,12.3397902,45.4389748,1
14031167290,12.3103646,45.4391844,3
14031167296,12.3112551,45.4395803,3
14031167297,12.3112884,45.4396185,3
14031167295,12.3112337,45.4395557,3
14031167300,12.3122728,45.4391649,3
5362065264,12.3312193,45.4332054,1
5361147763,12.3312626,45.4433438,4
1852612480,12.3226453,45.4336575,0
1852612482,12.3224275,45.4335659,0
10222149521,12.345911,45.4346772,1
10222149527,12.3456728,45.4346023,1
4449378211,12.3414924,45.4406269,1
4449378221,12.3417291,45.4408422,1
4803731379,12.3298339,45.4392344,2
4803436468,12.3310624,45.4389047,2
4982153141,12.3355466,45.4383473,1
4982153142,12.3354941,45.4383333,2
4982153143,12.3347358,45.438649,2
4803731380,12.3301652,45.4390318,2
4449378232,12.3413756,45.4409606,1
4449378238,12.341074,45.441061,1
4748615622,12.3406579,45.4430647,1
4748615623,12.3405811,45.4431085,1
7242293195,12.3338839,45.4398766,2
7242293196,12.3339187,45.4399092,2
7242293197,12.3338805,45.4399321,2
27238351,12.3405702,45.441929,1
324476885,12.3452877,45.4387555,1
1892949985,12.3212379,45.4417439,4
1606950901,12.3205985,45.4363618,2
7942709250,12.3473216,45.4342702,1
7942709252,12.3475311,45.4343548,1
5654159379,12.3341039,45.4382575,2
5370716190,12.3208842,45.4435173,4
5370716195,12.320751,45.4436747,4
3526762533,12.3215569,45.4435442,4
9127993390,12.3528806,45.4366598,5
9127993394,12.3511161,45.4320093,5
9127993395,12.3513965,45.4320444,5
9127993393,12.3519838,45.4313641,5
5149368377,12.3332098,45.4396129,2
5149368378,12.3333852,45.4395388,2
9127993396,12.35164,45.4320749,5
9127993397,12.3518105,45.4320962,5
9127993405,12.3552367,45.4324668,5
5149368385,12.3332254,45.4393849,2
5149368386,12.3346395,45.4389787,2
5149368388,12.3347353,45.4389129,2
9127993413,12.3515847,45.432068,5
9127993414,12.3520136,45.4321216,5
9127993415,12.3521209,45.432135,5
9127993416,12.3523481,45.4321635,5
9127993410,12.3537683,45.4323411,5
9127993411,12.3536216,45.4323228,5
9127993412,12.353295,45.4322819,5
298033234,12.3297165,45.4448894,4
9196521177,12.3267261,45.4384911,2
5684666519,12.3333146,45.440035,2
4826056421,12.331386,45.4292585,0
250421439,12.3275542,45.4449855,4
250421440,12.3276223,45.4445832,4
3299385538,12.3436779,45.4357272,1
7963549898,12.3225093,45.4368609,2
11540381634,12.3517826,45.4314592,5
11540381635,12.3518884,45.4316636,5
11505541337,12.3344019,45.4310393,0
11505541338,12.3343477,45.4310394,0
3526762728,12.3244917,45.444963,4
3526762731,12.3244612,45.4449754,4
8167190807,12.3323382,45.4379491,2
250421507,12.3230996,45.4382697,2
250421508,12.3230205,45.4380285,2
250421510,12.3234089,45.4379199,2
1857888519,12.3256664,45.4322925,0
247996681,12.3399772,45.4396578,1
1857888538,12.3275109,45.4306604,0
1857888542,12.3260718,45.4300758,0
4813070625,12.3289646,45.4401497,2
4813070626,12.3288166,45.4399709,2
1857888549,12.3266773,45.4310838,0
3526762791,12.3248994,45.4454595,4
2249269545,12.3569304,45.432324,5
1857888555,12.3266503,45.4309602,0
2258346286,12.3296371,45.4395834,2
1857888557,12.3275966,45.4307864,0
1857888559,12.3266077,45.4308182,0
1857888563,12.3265367,45.4326332,0
735158585,12.3355704,45.4325636,1
1857888572,12.3261551,45.4295306,0
1857888574,12.3279938,45.431485,0
4930249026,12.32807,45.4372119,2
262938948,12.3184907,45.4393852,3
1857888577,12.3262286,45.4322312,0
1857888580,12.3272212,45.4327357,0
1857888579,12.3276584,45.431683,0
250421596,12.3242813,45.4372786,2
250421597,12.3231525,45.4376281,2
3296731490,12.3414746,45.4367902,1
3296731493,12.3412758,45.436863,1
3296731495,12.3413214,45.4368998,1
30024040,12.3288184,45.4443918,4
3296731498,12.3414147,45.436975,1
3296731500,12.3415011,45.4370446,1
3296731501,12.3413916,45.4371557,1
3296731502,12.3411554,45.4374015,1
3296731503,12.3409446,45.4376262,1
1862246765,12.3309443,45.4339456,1
7139631483,12.3212553,45.4467464,4
7139631484,12.3211822,45.4465477,4
9779421567,12.3146322,45.4405469,3
1862246787,12.3322319,45.4327163,1
9779421571,12.3152616,45.4400667,3
9779421573,12.3130068,45.4406725,3
9779421576,12.3131413,45.4400753,3
3526762897,12.3219653,45.4454751,4
1862246809,12.3306705,45.4337187,1
3526762904,12.3219012,45.4454955,4
944188792,12.3615155,45.4260922,5
3526762920,12.3217928,45.4457337,4
3526762922,12.3221764,45.4457866,4
3526762929,12.3219654,45.4461331,4
7279157685,12.3313401,45.4387939,2
7279157686,12.3314014,45.4387421,2
7279157687,12.3313637,45.4387632,2
7279157688,12.3313744,45.4387728,2
7279157689,12.3313272,45.4387829,2
10221724097,12.3584522,45.427907,5
10180960708,12.3578847,45.4296122,5
10221724101,12.3585266,45.4279708,5
10221724110,12.3580103,45.4282326,5
10221724108,12.3576667,45.4279449,5
664281611,12.3164993,45.439914,3
664281614,12.3165782,45.4399653,3
664281617,12.3164626,45.4407484,3
664281618,12.3167958,45.4409309,3
4809531928,12.3284791,45.4455048,4
4809531930,12.3286495,45.4455689,4
4809531934,12.3288806,45.4457107,4
4809531935,12.3289629,45.4458876,4
11395867186,12.3533028,45.4309872,5
2507776587,12.3146133,45.4347294,3
6606037597,12.3358746,45.4356854,1
2507776605,12.3148579,45.4359022,3
3586368092,12.3277377,45.4334847,1
1856709240,12.3272816,45.44144,2
1856709242,12.3268992,45.4415195,2
4803240583,12.3274689,45.4380423,2
4803240585,12.3279085,45.4379714,2
4068932549,12.3162795,45.4423022,3
5734474438,12.3179921,45.4388604,3
5734474439,12.3183795,45.4390775,3
5734474441,12.3180249,45.4388788,3
5734474442,12.3181054,45.4388309,3
664281808,12.316658,45.4405445,3
4818215650,12.3251529,45.4361248,2
3396938627,12.3193302,45.4378741,3
12636562159,12.3302465,45.4319112,1
3396938628,12.3190638,45.4379642,3
4805501684,12.3263428,45.438587,2
7983899381,12.3295009,45.442923,4
3396938629,12.3193304,45.4379663,3
4872381208,12.3231669,45.4387213,2
10572768072,12.3444567,45.4356025,1
10572768073,12.3445661,45.4355994,1
10572768075,12.3444983,45.4356007,1
10572768076,12.3446228,45.435435,1
4853998414,12.3417643,45.4374953,1
10572768077,12.3445014,45.4354361,1
347775840,12.332084,45.434925,1
2962858842,12.3372057,45.4321418,1
2962858843,12.3372971,45.4321674,1
2962858856,12.3374438,45.4322086,1
664281963,12.3167292,45.4402448,3
347775853,12.3327485,45.4348335,1
2962858864,12.3375289,45.4322324,1
1867916159,12.3532205,45.4331594,5
298034047,12.335737,45.4404941,1
1867916161,12.3535692,45.4328195,5
358465417,12.3354201,45.4342257,1
347775886,12.3315663,45.4358596,1
5475869600,12.3367272,45.4332909,1
1867916202,12.36308,45.4275325,5
1867916210,12.3534743,45.4331484,5
5216485054,12.3619007,45.4293202,5
5216485059,12.3623775,45.4296039,5
1867916235,12.3539496,45.4331208,5
1867916254,12.361752,45.4259957,5
8154883066,12.3237938,45.4470579,4
8154883068,12.3238467,45.4471752,4
8154883069,12.3237507,45.4469626,4
8154883070,12.3239007,45.4469451,4
8154883071,12.3239426,45.4469372,4
8154883072,12.3239114,45.4469817,4
8154883073,12.3239542,45.4469729,4
1867916291,12.356083,45.4291429,5
8255251455,12.3193816,45.4475586,4
1867916294,12.3539882,45.4328686,5
8255251456,12.3193026,45.4474425,4
27239442,12.322531,45.4413783,4
8255251489,12.3192325,45.4473437,4
8255251490,12.3193449,45.4475047,4
8255251491,12.3194861,45.4474614,4
8255251492,12.3194119,45.4475031,4
8255251493,12.3193169,45.4473754,4
8255251496,12.3192889,45.4472653,4
8255251497,12.3193534,45.4474245,4
8255251498,12.3192699,45.4473964,4
4724368434,12.3082916,45.4428494,3
4724368444,12.3089489,45.4427577,3
4724368457,12.3081512,45.4426863,3
4724368459,12.3083044,45.4426159,3
27239503,12.3379214,45.4421727,1
27239504,12.3376927,45.4416702,1
27239505,12.3366287,45.4410695,1
664282195,12.3166292,45.4399959,3
3123061844,12.3207952,45.4428966,4
12915090517,12.3358337,45.4362632,1
3123061848,12.3210422,45.4429869,4
3123061852,12.3206918,45.4430357,4
3123061854,12.3212845,45.4430755,4
3123061858,12.3209342,45.4431263,4
3123061862,12.3211742,45.4432216,4
3123061864,12.321585,45.4435796,4
3123061863,12.3216562,45.4435518,4
3123061865,12.3215138,45.4436074,4
3123061867,12.3216764,45.4436949,4
3123061868,12.3216052,45.4437227,4
12915090543,12.3359144,45.4361964,1
3123061873,12.3277776,45.4440518,4
3123061871,12.3217702,45.4438131,4
3123061872,12.321699,45.443841,4
566305903,12.3231577,45.4433215,4
3123061870,12.3218414,45.4437853,4
298034333,12.3353025,45.440071,1
3424986282,12.3316425,45.4374975,2
10001523883,12.3351152,45.4351793,1
8088790185,12.3199075,45.431436,0
4813038773,12.3280146,45.4362477,2
1636836551,12.3388914,45.440678,1
9779553482,12.3176103,45.4376593,3
5476820189,12.3199061,45.4327208,0
8571659519,12.3619058,45.4294107,5
1333830927,12.3347021,45.4309197,0
5365540127,12.319729,45.437813,3
672474405,12.315996,45.44044,3
5165688106,12.3169128,45.4340737,0
5165688108,12.3176839,45.4340963,0
5165688109,12.3176281,45.4341995,0
1333830979,12.3345461,45.4308894,0
1333830981,12.3348747,45.4309044,0
8062215516,12.3211304,45.4441785,4
30025066,12.3279336,45.4366955,2
30025067,12.3285813,45.4363982,2
8062215539,12.3210417,45.4437835,4
8062215540,12.3210025,45.4437316,4
7954933127,12.3274604,45.4365248,2
8972379538,12.349445,45.43267,5
8972379539,12.3495042,45.4326396,5
49554838,12.333139,45.4439716,4
30025111,12.3264011,45.436386,2
8606623153,12.3320261,45.4434362,4
29566392,12.3421925,45.437809,1
1854431371,12.3270237,45.4354237,2
29566401,12.3419149,45.4377193,1
29566406,12.3418477,45.4389336,1
8797824464,12.3167562,45.4324483,0
8797824465,12.3166499,45.4326189,0
30025170,12.3236588,45.4383786,2
30025171,12.3241366,45.4382189,2
8797824466,12.316541,45.4323524,0
4470121942,12.3362191,45.4367989,1
30025175,12.3238747,45.4380939,2
30025176,12.3245143,45.4377276,2
30025179,12.3235594,45.4388583,2
30025193,12.3230033,45.4394395,2
30025195,12.3235909,45.4397623,2
30025203,12.3233951,45.4396567,2
11494434298,12.3380296,45.4367588,1
8062051854,12.3315595,45.4459049,4
298034703,12.3352241,45.4407291,1
8062051855,12.3317599,45.445783,4
30025233,12.3222935,45.4405452,2
298034729,12.3347748,45.4403282,1
10570573373,12.3493589,45.4386063,1
10570573374,12.3494293,45.4386885,1
672507479,12.3178194,45.4376418,3
5162608222,12.3211709,45.4353233,0
5162608223,12.3210277,45.435404,0
5162608224,12.3209774,45.4351547,0
5162608225,12.3208354,45.4352334,0
1853859457,12.324418,45.4307684,0
1853859460,12.3240692,45.4300528,0
1521854102,12.3345992,45.4343483,1
1522247328,12.3231145,45.4330424,0
1853859490,12.322309,45.4305098,0
1853859496,12.3270039,45.4319483,0
49555119,12.3337271,45.4445144,4
1521886924,12.3574043,45.4357097,5
365438679,12.3363047,45.4340582,1
4803405549,12.3319035,45.4374408,2
5547304688,12.3284145,45.4396417,2
5547304689,12.3284003,45.4396494,2
5547304690,12.3284095,45.4396567,2
3047696120,12.3355972,45.431998,1
6208005887,12.3587334,45.4316298,5
6208005888,12.3587905,45.4315208,5
6208005889,12.3589349,45.4315553,5
9845647108,12.3152135,45.4412684,3
5131577105,12.3209539,45.4435908,4
2407350124,12.3107219,45.4466393,3
1852942128,12.3260795,45.4318526,0
1852942130,12.325779,45.4325128,0
1852942134,12.3260383,45.4318754,0
1852942135,12.3261009,45.4317316,0
1852942139,12.3253254,45.432189,0
1852942140,12.3254249,45.4322302,0
1852942142,12.3257678,45.4318454,0
1852942144,12.3268761,45.4338578,2
1852942145,12.3245975,45.4323304,0
1852942152,12.3254961,45.4329723,0
1852942154,12.3254988,45.4337421,2
1852942166,12.3269851,45.4332211,0
1852942171,12.3257203,45.4319444,0
1852942174,12.3255169,45.4339602,2
49981281,12.3352903,45.4356434,1
1852942188,12.3259735,45.4320837,0
1521788808,12.3586808,45.4279412,5
13755295628,12.3352489,45.4385665,2
3831166559,12.3066583,45.4432171,3
4803438526,12.3234565,45.4363524,2
4803438527,12.3233283,45.4361844,2
3495143373,12.3673478,45.4255488,5
3495143376,12.3681293,45.4271431,5
165390289,12.3358136,45.4404591,1
3495143378,12.3661094,45.4278822,5
3495143379,12.3661126,45.4278833,5
3495143380,12.3660679,45.4279475,5
165390293,12.3366291,45.4413506,1
3495143381,12.367404,45.4279494,5
3495143377,12.3677122,45.4275934,5
1851468111,12.318161,45.4376773,3
4404094952,12.3188456,45.4378031,3
7673980908,12.3090376,45.4478277,3
4404094953,12.3184898,45.4376583,3
4404094954,12.3189213,45.4377803,3
4404094955,12.3185769,45.4376353,3
4404094956,12.3190049,45.4377541,3
4404094957,12.3186783,45.4376091,3
4404094958,12.3190901,45.437728,3
4404094959,12.3187583,45.4375885,3
4404094960,12.3191701,45.4377034,3
4404094961,12.3193223,45.4377555,3
4404094962,12.3189506,45.4375389,3
4404094963,12.3193027,45.4376403,3
4404094964,12.3188497,45.4375631,3
4404094965,12.3193121,45.4376968,3
11182286836,12.3153035,45.4428199,3
1780951044,12.3185766,45.4314612,0
4853999680,12.3405108,45.4372184,1
4441294544,12.3430275,45.4375584,1
4853999696,12.3403549,45.4371562,1
7959914585,12.3231136,45.432756,0
4853999706,12.3402992,45.4373802,1
10076825690,12.3551644,45.4304913,5
13718268005,12.329217,45.441193,2
13718268009,12.3291949,45.4413045,2
13718268013,12.3290818,45.441346,2
13718268012,12.3291868,45.4412927,2
13718268010,12.3293722,45.4414164,2
10049366142,12.3454275,45.4385917,1
1334585490,12.3243518,45.4307875,0
7623429036,12.3626053,45.4287412,5
5362264247,12.3632326,45.4266349,5
5395065019,12.3359319,45.4380532,1
5362264259,12.3632074,45.4282975,5
5844256695,12.3242845,45.4327301,0
566307036,12.3454771,45.43546,1
566307055,12.3452886,45.4347145,1
5844256703,12.3246031,45.4324352,0
5844256704,12.3244622,45.4327665,0
2262051072,12.3260663,45.435993,2
5844256707,12.3244292,45.4323659,0
5844256709,12.3241811,45.4323969,0
566307112,12.345452,45.4353412,1
1851468072,12.3194121,45.4377817,3
1851468071,12.3198044,45.4374055,3
1851468075,12.3193252,45.4377861,3
566307118,12.3451244,45.4355185,1
1851468076,12.3189537,45.4384357,3
1851468091,12.3196901,45.4385928,3
1851468097,12.3187426,45.4375202,3
1851468096,12.3179538,45.4377946,3
1851468103,12.3188847,45.4383692,3
1851468110,12.3187821,45.4383849,3
1851468109,12.3211673,45.4378947,2
1851468106,12.3192381,45.4377969,3
11491748175,12.3380029,45.4348054,1
1851468113,12.3197966,45.4372983,3
3300927825,12.3552901,45.4354002,5
5476755801,12.3225709,45.4312869,0
8205183323,12.3307776,45.4292261,0
5360954367,12.331815,45.4422333,1
5360954369,12.3316502,45.4420503,1
2591369577,12.3614859,45.4271304,5
566307181,12.3455853,45.4355822,1
8259179358,12.3157339,45.4399083,3
566307198,12.3450844,45.4353901,1
7962667406,12.3319037,45.4468852,4
2591369614,12.3607429,45.427445,5
14031518603,12.3562529,45.4301968,5
9117477282,12.3239889,45.4335093,0
9117477283,12.3237999,45.4331549,0
9117477284,12.3237287,45.4334904,0
5476755892,12.3223229,45.4313278,0
5476755893,12.3222953,45.4312464,0
3586501046,12.3284909,45.4426291,4
3586501045,12.3288278,45.4425864,4
3586501050,12.3288983,45.4427557,4
10576341449,12.3408863,45.4336836,1
10576341454,12.3404975,45.4335417,1
10576341457,12.3404698,45.4336021,1
10576341458,12.3407506,45.4336571,1
10576341460,12.3404631,45.4336162,1
3178047962,12.3311044,45.4421113,4
3178047964,12.3317767,45.4423412,1
1918806493,12.3290687,45.4333503,1
3178047965,12.3311092,45.4425645,4
1918806496,12.3286537,45.4332007,1
3178047969,12.3312786,45.4425699,4
1918806499,12.329375,45.4332509,1
1918806502,12.3295436,45.4332639,1
3178047972,12.3315097,45.4426124,4
4484213224,12.340443,45.4354623,1
1918806511,12.329597,45.4334041,1
1918806509,12.3290394,45.4333816,1
1918806513,12.3293421,45.4334497,1
1918806515,12.329153,45.4334564,1
1918806516,12.3292595,45.4335261,1
3178047981,12.3311975,45.4427514,4
1918806518,12.3294467,45.4335234,1
1918806519,12.3293696,45.4336148,1
3178047993,12.3313053,45.4429105,4
3178047995,12.3298879,45.4429181,4
3178047996,12.328274,45.4429247,4
1854777852,12.3179077,45.4360715,3
1918806534,12.3299688,45.4340767,1
355567096,12.3410866,45.4359452,1
1918806538,12.3308683,45.434083,1
7919512083,12.3217085,45.4467551,4
7919512084,12.3217514,45.4464539,4
1918806549,12.3298252,45.4343537,1
1918806556,12.3306664,45.4344112,1
1918806561,12.3310312,45.4345537,1
1918806564,12.3305369,45.4346101,1
1864149546,12.3268264,45.4292178,0
1852549673,12.3214354,45.4322243,0
1918806573,12.3300714,45.4346453,1
1918806577,12.3309304,45.43476,1
9235016245,12.3279488,45.4315155,0
2263296567,12.3557208,45.433017,5
1864149563,12.3268805,45.4293544,0
2263296573,12.3568317,45.4332137,5
4887521854,12.3195919,45.4352854,0
4887521855,12.3198786,45.4348164,0
1852549698,12.3223655,45.4328575,0
4887521859,12.3188565,45.4351301,0
4887521860,12.3190869,45.4346207,0
2263296584,12.3567576,45.4335038,5
4887521862,12.3186299,45.4345358,0
1864149584,12.3258158,45.4296131,0
1852549715,12.3190928,45.4314881,0
1852549717,12.3237264,45.4326203,0
1852549726,12.322973,45.4324983,0
3518179946,12.3208688,45.4414362,4
408562290,12.3205829,45.4454652,4
3398707829,12.3221097,45.4362729,2
3398707830,12.3225259,45.4362397,2
408562308,12.3229689,45.4446905,4
10218744455,12.3129137,45.4402374,3
1920433290,12.3464229,45.4374189,1
8814996339,12.3195947,45.4476108,4
8075029153,12.3484258,45.4349463,1
8075029154,12.3481885,45.4348532,1
3398707878,12.3208889,45.4368732,2
7294626269,12.3580647,45.4321817,5
8814996341,12.3198153,45.447529,4
14031518659,12.356931,45.4287802,5
1920433295,12.3432749,45.4375346,1
14031518660,12.3570066,45.4283379,5
10568837818,12.3468032,45.4344274,1
1920433296,12.3429575,45.4375657,1
3398707908,12.3203185,45.4370423,2
10574768841,12.339149,45.4340616,1
3398707920,12.3196939,45.4370977,3
1831316177,12.332235,45.4427056,4
3398707930,12.3191687,45.4371783,3
2486348519,12.321793,45.4439596,4
1831316200,12.3308426,45.443457,4
3398707948,12.3189601,45.4372134,3
4804160239,12.3318672,45.4386676,2
4804160240,12.3320323,45.438536,2
1831316207,12.3303311,45.4435594,4
3398707953,12.3190952,45.4372341,3
1831316213,12.3258866,45.4436643,4
1831316216,12.3266045,45.4437022,4
1831316217,12.3256987,45.4436974,4
3398707955,12.3188202,45.437237,3
3398707956,12.3189084,45.4372396,3
1831316219,12.327437,45.4437441,4
1831316222,12.3276371,45.4437726,4
10964511488,12.3223933,45.4377039,2
10964511489,12.3217366,45.4377922,2
1831316226,12.3279232,45.4438402,4
1831316227,12.3294422,45.4438973,4
1831316224,12.3278337,45.4438082,4
3398707979,12.3182928,45.4373507,3
3398707981,12.3182139,45.4373707,3
3398707985,12.3210402,45.437375,2
3398707988,12.3183795,45.4373784,3
1521789721,12.3586084,45.4280146,5
566307617,12.3434334,45.4381468,1
566307628,12.3419994,45.437593,1
4845873972,12.3292876,45.4321141,1
4845873975,12.328795,45.4323691,1
355576633,12.3410053,45.4385398,1
566307643,12.3421648,45.436475,1
4818185019,12.3279395,45.4294983,0
4818185020,12.3275098,45.4292015,0
355576651,12.3403238,45.439472,1
355576654,12.3404931,45.4394338,1
11935001427,12.3195414,45.4380833,3
11935001431,12.3195238,45.4379124,3
11935001432,12.319553,45.4377913,3
11935001430,12.3198136,45.4379481,3
8814996326,12.3211272,45.4471704,4
8814996330,12.320353,45.447624,4
8814996331,12.3201315,45.4476643,4
3396938604,12.3192092,45.4377507,3
8814996334,12.3198552,45.4476129,4
8814996335,12.3197176,45.4476497,4
8814996337,12.3196122,45.4476413,4
8814996333,12.3198737,45.4476518,4
8814996340,12.3193816,45.4476883,4
8814996332,12.3201111,45.4476099,4
8814996338,12.3197393,45.4476992,4
3396938611,12.3217655,45.4378409,2
8814996343,12.3198682,45.4473913,4
3396938621,12.3215304,45.4379337,2
3396938622,12.3191504,45.437934,3
3396938633,12.3189796,45.4379895,3
3396938626,12.3192411,45.4379049,3
3396938641,12.3185187,45.4381144,3
3396938646,12.3185245,45.438217,3
3396938648,12.3185905,45.4382218,3
5127875481,12.3259073,45.4352591,2
3396938650,12.3187092,45.4382291,3
6301789086,12.3324319,45.4455435,4
3396938656,12.3190382,45.438348,3
3396938655,12.3191033,45.438339,3
3396938658,12.3189569,45.4383573,3
3398708132,12.317508,45.4376727,3
3398708138,12.3174423,45.437685,3
3398708144,12.3176469,45.4377224,3
8040262571,12.363539,45.4265784,5
3398708146,12.3175865,45.4377151,3
3398708156,12.3175298,45.4377443,3
3396938681,12.3226576,45.4388143,2
1859365818,12.3331582,45.4306886,0
3396938687,12.3224612,45.439079,2
3398708171,12.3177895,45.4378261,3
3398708175,12.3179013,45.4378245,3
566307794,12.3387764,45.4385381,1
3398708187,12.3178318,45.4378617,3
566307795,12.3383659,45.437013,1
566307798,12.3402371,45.4396754,1
566307803,12.3394217,45.4403593,1
566307812,12.3387292,45.4353655,1
566307814,12.3400141,45.4397322,1
566307815,12.3412847,45.4408387,1
3398708203,12.3202985,45.4378946,2
566307824,12.3393365,45.441239,1
566307826,12.3403585,45.4365274,1
566307831,12.339509,45.4415352,1
944188414,12.3183591,45.4390976,3
944188418,12.3178779,45.4388388,3
5360954370,12.3324153,45.442261,1
566307846,12.3389452,45.4383324,1
3398708237,12.3165171,45.4380372,3
566307850,12.3397638,45.4417762,1
566307851,12.3396485,45.4384895,1
566307852,12.3393058,45.4421281,1
944188428,12.3571885,45.4280453,5
566307856,12.3401511,45.4370602,1
566307859,12.338208,45.437392,1
566307861,12.3392683,45.4411335,1
566307862,12.3382989,45.4416693,1
10180963357,12.3600624,45.4288798,5
566307866,12.341192,45.4407184,1
2482252829,12.3243367,45.4464006,4
566307870,12.3386061,45.4372794,1
566307873,12.3395735,45.442306,1
566307880,12.3381846,45.4380831,1
566307883,12.3383788,45.4373493,1
1776528435,12.3331252,45.434641,1
566307893,12.3394312,45.4407859,1
566307899,12.3397992,45.4417692,1
566307903,12.3411946,45.4362122,1
566307904,12.338572,45.4412952,1
566307906,12.3398491,45.4424816,1
566307908,12.3385926,45.4416061,1
566307911,12.3394662,45.4409444,1
3398708292,12.3190527,45.4384072,3
566307918,12.3387955,45.4393901,1
566307920,12.3382992,45.4396853,1
566307921,12.3397746,45.4422709,1
566307930,12.3391498,45.440349,1
944188507,12.3582038,45.4282617,5
4471565405,12.3122912,45.4407981,3
4471565408,12.3130922,45.4403565,3
4471565407,12.3121036,45.4407333,3
13186763777,12.3206652,45.4386894,2
566307943,12.3408916,45.440204,1
566307951,12.3390221,45.4405092,1
566307954,12.3399532,45.4372623,1
566307957,12.338669,45.4394525,1
566307958,12.3416741,45.4413906,1
944188541,12.358499,45.4279941,5
257436798,12.3425401,45.4360056,1
257436801,12.3450854,45.4347159,1
13186763783,12.3206227,45.4384203,2
566307979,12.3394842,45.4361036,1
566307990,12.3392414,45.4409262,1
566307992,12.3384874,45.4411648,1
566307997,12.339342,45.4408546,1
566307998,12.3402483,45.4367303,1
566308001,12.3386667,45.4412666,1
10582830449,12.3331354,45.4417505,1
566308003,12.3383053,45.4407097,1
944188582,12.3583739,45.4282499,5
566308011,12.3382778,45.4371486,1
10582830452,12.3329481,45.4419348,1
566308017,12.3396554,45.4425164,1
566308020,12.3415537,45.4375996,1
566308022,12.3397682,45.4416566,1
566308026,12.3385071,45.43732,1
566308027,12.3408266,45.4419753,1
10582830454,12.332889,45.441993,1
566308037,12.3391172,45.4409116,1
566308038,12.3388493,45.4397873,1
944188626,12.3586571,45.4284519,5
8058481879,12.3571386,45.4319648,5
8058481880,12.3573361,45.4319688,5
8352640217,12.3140216,45.4401174,3
8352640219,12.3147833,45.4402416,3
8352640222,12.3155012,45.4405192,3
8352640223,12.3138513,45.4402463,3
8352640225,12.3147216,45.4403762,3
944188645,12.3585082,45.4281509,5
8352640228,12.3152421,45.4405752,3
8352640236,12.3152018,45.4401389,3
8352640258,12.315223,45.4409406,3
8352640259,12.3152343,45.4409116,3
8352640264,12.3151867,45.4412207,3
8352640265,12.3153468,45.4408838,3
944188682,12.3607515,45.4257946,5
8352640266,12.3154494,45.4409851,3
8352640267,12.3153084,45.4409593,3
5853654280,12.304911,45.4390495,3
3398708495,12.3164169,45.4384334,3
3398708496,12.3182771,45.4384242,3
944188687,12.3608062,45.4255523,5
3398708500,12.3188862,45.4384463,3
3398708501,12.3188207,45.4384565,3
8352640281,12.3174157,45.4391894,3
13186763814,12.3207366,45.4383173,2
3398708515,12.3189423,45.4385431,3
7968828709,12.3266977,45.4410232,2
49519834,12.3400637,45.4363014,1
3398708527,12.3189435,45.4386595,3
2486086956,12.3361416,45.4368229,1
3398708524,12.3190238,45.4386289,3
2486086958,12.337802,45.4369649,1
2486086960,12.3367221,45.4374361,1
2486086961,12.3368126,45.4375799,1
944188730,12.3608408,45.4255298,5
2486086963,12.3368749,45.437679,1
2486086964,12.3363476,45.4377084,1
2486086965,12.3364879,45.4377201,1
2486086966,12.3369586,45.4378121,1
2486086967,12.3369339,45.4378712,1
2486086970,12.337662,45.4390127,1
2486086971,12.3377223,45.4391257,1
2486086974,12.3374202,45.4392725,1
3398708548,12.3179566,45.4388811,3
2486086984,12.3371338,45.4396642,1
3398708553,12.3173472,45.438944,3
3398708560,12.3175366,45.4391157,3
3398708569,12.3195476,45.4393837,4
2486087003,12.3367942,45.4397243,1
944188764,12.3604568,45.4265609,5
3398708587,12.3159194,45.4403971,3
3398708588,12.321325,45.4404897,4
3398708590,12.3185705,45.4406149,4
3398708591,12.3186589,45.4406482,4
10582830448,12.3329313,45.4420217,1
2486087018,12.3362713,45.4402907,1
671755629,12.3372212,45.4374534,1
671755631,12.3372965,45.4374879,1
10582830450,12.3332427,45.4417114,1
7896477046,12.3309718,45.4330704,1
10582830455,12.3330669,45.4418179,1
10582830456,12.3334431,45.4416384,1
10582830457,12.3332214,45.4416847,1
2262052216,12.3390675,45.4439152,1
1192734078,12.3059146,45.4411566,3
672509318,12.318332,45.4374515,3
944188818,12.3600455,45.4281262,5
1192734103,12.3081786,45.4427193,3
7897361817,12.3181916,45.4321275,0
4818185623,12.3277146,45.4295578,0
404729241,12.3401204,45.440845,1
404729242,12.3398941,45.4409416,1
404729243,12.3402848,45.44104,1
404729244,12.3405243,45.4409444,1
7897361818,12.3182495,45.4321294,0
49524128,12.3371163,45.4390714,1
49524148,12.3373885,45.439039,1
49524156,12.3381601,45.4386316,1
1192734157,12.3052506,45.4415663,3
1736125903,12.315268,45.4428904,3
4493372783,12.3387368,45.4346334,1
5691518418,12.3247476,45.4339892,2
5691518420,12.3248751,45.4339724,2
3398708695,12.3186264,45.4406942,4
3398708697,12.3184566,45.4407125,4
3398708698,12.3188318,45.4407131,4
3398708701,12.3185151,45.440735,4
3398708706,12.3189277,45.4407492,4
3398708708,12.3187984,45.4407579,4
2974723565,12.3195353,45.447507,4
3398708719,12.3185256,45.4408233,4
3398708724,12.3185079,45.4408499,4
3398708730,12.3183946,45.440891,4
3398708732,12.3185127,45.4409368,4
3398708734,12.3184541,45.4410183,4
3398708728,12.3183373,45.4408688,4
7051750906,12.3285053,45.4374414,2
7051750908,12.3286319,45.4374969,2
7051750909,12.3286024,45.4374764,2
7051750910,12.328596,45.4374839,2
7051750911,12.328568,45.437464,2
7051750912,12.3285619,45.4374715,2
7051750913,12.3285347,45.437452,2
7051750914,12.3285287,45.4374595,2
3398708738,12.3180497,45.4412456,4
3398708739,12.3180237,45.4412795,4
271691275,12.3479998,45.4353354,1
1781542412,12.3372616,45.4377907,1
27356505,12.3389341,45.4399872,1
8116645420,12.333717,45.4341328,1
671755822,12.3374545,45.442115,1
14022322633,12.3256963,45.4378748,2
944189009,12.3578878,45.4285035,5
1858170218,12.32606,45.4402697,2
1925099145,12.3182867,45.4445496,4
1925099166,12.3186892,45.4449252,4
4803440290,12.3243217,45.4372362,2
1925099178,12.3174746,45.445061,4
1925099184,12.3184561,45.4450622,4
1925099191,12.3182175,45.4451914,4
1925099194,12.3179892,45.4453007,4
944189121,12.3581056,45.4295269,5
1925099198,12.3192514,45.4453245,4
1925099203,12.3178694,45.4453636,4
944189125,12.3578872,45.42942,5
1925099209,12.3180904,45.4453763,4
1925099212,12.3188311,45.445611,4
6366113490,12.3499005,45.4326735,5
4496961247,12.3393029,45.4335585,1
1925099234,12.3201845,45.4457741,4
4496961251,12.3392223,45.4337054,1
1997057766,12.3617214,45.4338258,5
5691518724,12.3254921,45.4341989,2
5691518726,12.3253351,45.4342411,2
10182536968,12.3210053,45.443358,4
10182536966,12.3213029,45.443274,4
10182536969,12.3211895,45.4434283,4
10182536967,12.3210955,45.4435561,4
10182536982,12.3206652,45.4435896,4
10182536983,12.3208004,45.4435298,4
10182536985,12.3208973,45.4435305,4
10182536986,12.3208252,45.4435622,4
566308638,12.3355399,45.4411642,1
8954195742,12.3201171,45.4325232,0
8954195743,12.3203185,45.4326153,0
566308645,12.3358662,45.4434219,1
566308648,12.3368311,45.4416022,1
8845995822,12.3424844,45.4361074,1
8845995823,12.3424119,45.4360523,1
566308654,12.337154,45.4417855,1
10044387122,12.3170896,45.4325868,0
944189238,12.358456,45.4288016,5
566308669,12.3369946,45.4412907,1
566308670,12.3379302,45.4433445,1
566308679,12.3376897,45.440899,1
5365641033,12.3169026,45.4364941,3
566308695,12.3367048,45.4392093,1
944189272,12.3583952,45.4289237,5
566308698,12.3370805,45.4415576,1
566308703,12.3359879,45.4429798,1
8954195807,12.31661,45.4348872,3
566308705,12.337448,45.4380648,1
8954195810,12.3164575,45.4352662,3
8954195809,12.3163959,45.4348701,3
8954195811,12.3163269,45.4352395,3
566308711,12.3353435,45.4422541,1
566308713,12.3354463,45.4404812,1
566308715,12.3358794,45.4412457,1
13495447409,12.3204254,45.4466762,4
566308731,12.338088,45.4394447,1
944189309,12.3586657,45.4289475,5
944189319,12.3585893,45.4290635,5
944189325,12.3587847,45.4291722,5
566308758,12.3370077,45.4415725,1
566308762,12.335432,45.4430295,1
944189340,12.3588564,45.4291594,5
944189344,12.3583777,45.4288637,5
566308778,12.335811,45.4426056,1
13848522669,12.3277212,45.4391284,2
566308786,12.3372864,45.4381194,1
566308787,12.3374407,45.4409123,1
566308788,12.3375061,45.4411803,1
944189365,12.359106,45.4289993,5
566308797,12.3370781,45.4392503,1
4803243968,12.3319526,45.4387552,2
944189390,12.3590543,45.4289357,5
566308816,12.3368096,45.4415089,1
1852549660,12.3185605,45.4319499,0
566308838,12.3378867,45.4382871,1
566308853,12.338037,45.439772,1
566308856,12.3375681,45.4414808,1
1852549667,12.3185773,45.431515,0
944189446,12.3584028,45.4296778,5
944189485,12.3591487,45.4292513,5
944189487,12.3590854,45.4293253,5
12880719938,12.318062,45.4314738,0
4496961616,12.3394117,45.4333622,1
3295064173,12.3498133,45.4344892,5
3295064175,12.3498401,45.4346198,5
3295064177,12.3498643,45.4347377,5
5149372533,12.3329098,45.4396073,2
5149372534,12.3324952,45.4398157,2
3295064195,12.3495389,45.4348072,5
3295064199,12.3492977,45.434814,5
3295064203,12.3499063,45.4348318,5
3295064209,12.3495411,45.4348532,5
3295064213,12.3492997,45.4348666,5
3295064216,12.3490233,45.435189,1
3295064217,12.3489697,45.4352263,1
5853655207,12.3060882,45.4403533,3
2249175214,12.335322,45.4352718,1
5367967919,12.3269803,45.4332921,0
2249175219,12.33459,45.4350611,1
2249175224,12.3349189,45.4346928,1
2249175226,12.334698,45.4348359,1
2249175228,12.3351014,45.4352447,1
10582864057,12.3290787,45.4472368,4
5853655236,12.3095586,45.4423135,3
5853655237,12.3094171,45.4421491,3
5853655241,12.3117957,45.4406218,3
4496961738,12.3394307,45.4332232,1
8088465615,12.3203325,45.4388802,2
5853655249,12.3116774,45.4402742,3
5853655250,12.3117061,45.4402511,3
5853655251,12.311769,45.4402043,3
5853655254,12.31237,45.4402384,3
4496961754,12.3395179,45.4332486,1
1857171675,12.3321824,45.4389795,2
5853655256,12.312386,45.4401131,3
1857171681,12.3314972,45.4389744,2
1857171682,12.3317585,45.4385165,2
1857171684,12.3317392,45.4392089,2
10079809774,12.3449668,45.4396167,1
10221909017,12.3583165,45.4293219,5
10079809777,12.3450758,45.440036,1
10079809778,12.3452701,45.4402976,1
10079809785,12.3442882,45.440325,1
10079809786,12.344644,45.440244,1
8350544115,12.3151576,45.4390246,3
4847022332,12.3245273,45.4384789,2
4847022333,12.3245105,45.438449,2
10079809791,12.3445565,45.4402949,1
10079809793,12.3441033,45.4403038,1
566309130,12.337369,45.4379972,1
1522020622,12.3357119,45.4428908,1
566309135,12.3374117,45.4359826,1
4496961811,12.3373895,45.4334015,1
566309139,12.336689,45.4370882,1
566309147,12.3362163,45.4356972,1
8603119897,12.3326989,45.4422132,1
566309150,12.3357712,45.4361102,1
8603119901,12.3323514,45.4420496,1
14031167291,12.3104707,45.439235,3
4161924389,12.3274394,45.4468545,4
566309156,12.3351119,45.4331404,1
566309166,12.3364391,45.4355534,1
566309171,12.336047,45.4356213,1
8814996356,12.3211858,45.4465576,4
566309187,12.3381072,45.4371834,1
566309190,12.3368938,45.4370199,1
1747431757,12.3384334,45.4380502,1
566309200,12.3372055,45.4368366,1
5853655234,12.3089065,45.4428308,3
566309202,12.3375088,45.4377321,1
566309207,12.3368204,45.4360848,1
566309208,12.3376134,45.4361606,1
566309211,12.3371246,45.4369539,1
566309218,12.3370053,45.4369915,1
5853655392,12.3123204,45.4402119,3
566309221,12.337541,45.4378113,1
566309224,12.3373663,45.4372494,1
5853655395,12.3107164,45.440224,3
566309232,12.3368761,45.43577,1
566309233,12.3350822,45.4366551,1
8814996358,12.3212367,45.4468001,4
566309241,12.3370888,45.4368592,1
566309245,12.3372487,45.4358361,1
566309246,12.3369171,45.4370637,1
566309251,12.337023,45.4366302,1
8814996359,12.3215668,45.4477109,4
5664289164,12.325477,45.440975,2
5664289165,12.3256302,45.4413703,2
5664289166,12.3257648,45.4410983,2
566309264,12.3369985,45.4369798,1
5664289172,12.3269589,45.4412306,2
5664289176,12.3272157,45.4417221,2
5664289177,12.3273746,45.4413052,2
4897550748,12.3286616,45.4391024,2
5664289181,12.3286095,45.4413259,2
5664289182,12.3281719,45.4414419,2
566309279,12.337443,45.4373772,1
566309280,12.3353216,45.4366103,1
9127965093,12.3308261,45.4322022,1
9127965095,12.3311622,45.4321443,1
9055809957,12.3204561,45.4406581,4
2281451946,12.3567278,45.432971,5
1855238573,12.3261895,45.4414212,2
2281451950,12.3569102,45.4330257,5
1855238579,12.3245364,45.4409982,2
1855238577,12.3267249,45.4408497,2
5572932022,12.3324427,45.4400076,2
5572932023,12.3323404,45.4399045,2
5572932024,12.3323562,45.4399204,2
5572932025,12.3322331,45.4399802,2
5572932026,12.3327397,45.4400253,2
5572932027,12.3322853,45.4402681,2
5572932028,12.3325079,45.4401432,2
5572932029,12.3326769,45.4403021,2
2281451963,12.3567153,45.4332166,5
2281451965,12.3562557,45.4333285,5
2281451972,12.356404,45.4335112,5
2250322372,12.3592642,45.4329712,5
2250322373,12.3594504,45.4331499,5
2281451976,12.3566363,45.4336493,5
1855238602,12.3251506,45.4408597,2
1855238603,12.3263837,45.4412657,2
2281451980,12.3566108,45.4338167,5
1855238605,12.3267124,45.4415166,2
2281451984,12.3558552,45.4339316,5
1855238610,12.3262269,45.4412629,2
1855238613,12.3266854,45.4412657,2
13459217970,12.3119002,45.4394836,3
4496962048,12.337283,45.4336039,1
10579763149,12.3257439,45.430516,0
5403095573,12.3356738,45.4417809,1
9127993399,12.3555354,45.4325404,5
9127993400,12.3557555,45.4325493,5
10038817313,12.3488746,45.4360843,1
10038817314,12.3487938,45.4361881,1
10038817316,12.3488904,45.4360848,1
9127993403,12.3553946,45.4324782,5
9127993404,12.3552912,45.4324708,5
4496962098,12.3391625,45.4338895,1
10584011318,12.325156,45.4474806,4
9127993406,12.3549007,45.4324426,5
1857139259,12.3338391,45.4385631,2
9127993407,12.35466,45.4324252,5
1857139264,12.3335796,45.4387967,2
1851667009,12.322357,45.4342309,0
1857139267,12.3332563,45.4388762,2
1851667011,12.3199655,45.4332804,0
1857139269,12.3335923,45.4392479,2
9127993408,12.3540935,45.4323818,5
1857139271,12.3337872,45.4389922,2
9127993409,12.3544163,45.4324076,5
1857139273,12.3339178,45.4391045,2
1857139276,12.3334931,45.4387355,2
11869598286,12.3341337,45.4415879,1
11869598288,12.3379711,45.4398422,1
1857139286,12.3329544,45.4390524,2
1857139289,12.3339356,45.4386923,2
1857139291,12.3335612,45.4392131,2
1857139307,12.3338122,45.4390134,2
1857139310,12.3342575,45.4391247,2
1857139313,12.3340816,45.4388947,2
1857139315,12.3345399,45.4390035,2
12725367411,12.3058051,45.435959,3
1857139318,12.3338688,45.4390622,2
1857139320,12.3340419,45.4392206,2
4793610873,12.3285474,45.4367812,2
1857139322,12.3338808,45.4386224,2
4793610874,12.3281783,45.436583,2
1857139324,12.3341589,45.4389997,2
4793610872,12.3279643,45.4366812,2
1857139330,12.3334995,45.4391407,2
1857139332,12.3344512,45.4388743,2
1857139334,12.333646,45.4388508,2
12725367445,12.3096403,45.4392191,3
12725367466,12.3094171,45.4394299,3
12725367470,12.3092857,45.4392744,3
12725367472,12.3091807,45.4392571,3
12725367488,12.3077476,45.4377163,3
12725367495,12.3087271,45.4374851,3
12725367504,12.3083099,45.437609,3
27239511,12.3370917,45.4417937,1
12725367511,12.3078603,45.437639,3
12725367508,12.3069974,45.4366349,3
12725367510,12.3073477,45.4364863,3
12725367509,12.3075237,45.4364117,3
27341544,12.3371279,45.4390484,1
12725367537,12.3062237,45.4354406,3
12725367544,12.3071766,45.4365589,3
12725367545,12.3080306,45.4375612,3
12725367547,12.3082176,45.4368062,3
27341568,12.3349869,45.4361221,1
27341569,12.3352144,45.4358923,1
27341572,12.337156,45.4364086,1
27341573,12.3370746,45.4367468,1
27341574,12.3363368,45.4369738,1
5476332298,12.3269357,45.4316364,0
5476332297,12.3267995,45.4316546,0
6594147082,12.3513418,45.4322238,5
6594147081,12.3512567,45.4322061,5
1077392143,12.3209905,45.4475519,4
8116679470,12.3359989,45.4341598,1
8116679471,12.3360228,45.434119,1
4849873712,12.3279467,45.439403,2
11947815733,12.3138369,45.4333013,0
8059663155,12.3220169,45.4469663,4
8059663156,12.3219642,45.4468516,4
11947815738,12.3144254,45.432531,0
10053026364,12.3448462,45.4337844,1
11947815744,12.314047,45.4325095,0
11947815745,12.3144176,45.432382,0
11947815746,12.3141082,45.432513,0
10053026365,12.3450488,45.4338104,1
11947815747,12.3141206,45.4323708,0
11947815750,12.313916,45.4323631,0
4803113820,12.3297993,45.4369273,2
3586601832,12.3189232,45.4387438,3
3586601838,12.3187723,45.4388117,3
3586601844,12.3183234,45.4393687,3
3586601846,12.318212,45.439509,3
3586601848,12.3182244,45.4394706,3
3586601850,12.3177875,45.4397067,3
3586601853,12.317814,45.4397345,3
27341694,12.3351937,45.4362166,1
27341695,12.3403368,45.4416013,1
1997124487,12.3257591,45.4419201,2
3586601868,12.308074,45.442249,3
3586601869,12.3077955,45.4422768,3
3586601867,12.3081424,45.4421283,3
3586601873,12.3061154,45.4403424,3
4803933078,12.3294002,45.4386414,2
3586601878,12.3208445,45.4306021,0
11935101868,12.3318696,45.4382076,2
183120820,12.344135,45.4380581,1
10570544053,12.3498921,45.4326607,5
3415618499,12.3249726,45.4407886,2
10088985546,12.3559936,45.4379342,1
5142590417,12.3285315,45.4378706,2
10088985550,12.3562208,45.4377171,1
10088985555,12.3565544,45.4379658,1
1828664285,12.3111942,45.4334602,3
3415618526,12.3243578,45.441515,2
1921627103,12.3547339,45.4304127,5
1921627106,12.3551736,45.4304412,5
1921627109,12.3531182,45.4308281,5
1828664295,12.3188706,45.4386874,3
1921627113,12.3529427,45.430911,5
1921627116,12.3527823,45.4309868,5
1828664302,12.3182405,45.4394207,3
1921627123,12.3533427,45.4312102,5
1828664308,12.3171968,45.4396057,3
1921627126,12.353175,45.4312965,5
1828664310,12.3178801,45.4396688,3
11873629177,12.3558881,45.4324505,5
1921627134,12.3515978,45.4315465,5
5690110976,12.3048281,45.4389494,3
5690110979,12.3047586,45.438871,3
1921627154,12.3539393,45.4316798,5
1921627156,12.3534976,45.4317201,5
1921627160,12.3517444,45.4319094,5
1857205275,12.3306921,45.4389608,2
1857205276,12.3303787,45.4391313,2
1857205281,12.3299862,45.4393996,2
1921627168,12.3535269,45.4320194,5
1921627167,12.3534266,45.4320052,5
1857205288,12.3309327,45.439481,2
1857205293,12.3299325,45.4393392,2
1921627177,12.3536962,45.4320437,5
1921627183,12.3538472,45.4320649,5
1921627191,12.3520971,45.4324424,5
27341880,12.3346073,45.4389534,2
27341883,12.3340248,45.4384619,2
27341884,12.3339492,45.4383972,2
27341885,12.3338519,45.43832,2
27341887,12.3334912,45.43813,2
5228409923,12.3326941,45.4451192,4
5228409926,12.3325015,45.4451972,4
1921627210,12.3512028,45.432419,5
5228409924,12.3332487,45.4456066,4
1921627206,12.3517531,45.4323352,5
1921627215,12.3512778,45.4325896,5
1921627216,12.3514838,45.4326709,5
1921627221,12.352319,45.432905,5
1921627222,12.3526237,45.4329965,5
49525847,12.3397731,45.4390885,1
3327486009,12.3104848,45.4399734,3
5853655390,12.3116188,45.4401667,3
416330852,12.3253923,45.4349575,2
9174824042,12.3282982,45.4305288,0
4847023214,12.3247162,45.4384259,2
4847023215,12.3247025,45.4383992,2
1077392496,12.3207409,45.4471194,4
5853655393,12.3108411,45.4400772,3
1077392516,12.3207799,45.447737,4
1765422229,12.3336504,45.4421363,1
4436735127,12.3373707,45.4339126,1
4436735132,12.3393896,45.4340116,1
227161244,12.3490395,45.4388036,1
4436735135,12.3390378,45.4345921,1
4436735136,12.3389839,45.4346791,1
4436735138,12.3391134,45.434755,1
3022324355,12.3559767,45.4321592,5
4436735141,12.3392706,45.4348476,1
4436735143,12.339609,45.4349831,1
4436735148,12.3384733,45.4356823,1
4436735151,12.3391446,45.4357983,1
3327486025,12.3107233,45.4401985,3
12666696553,12.3067301,45.4365144,3
4436735156,12.3385247,45.43588,1
4436735158,12.3387527,45.4359005,1
4436735161,12.3389263,45.4360086,1
4436735163,12.3390476,45.4360898,1
10088985789,12.3501247,45.438137,1
4436735167,12.3347887,45.4363172,1
10088985791,12.349787,45.4387553,1
10088985790,12.3501101,45.4381115,1
10088985792,12.3497385,45.4387694,1
27178184,12.3356863,45.4381974,1
4436735180,12.3378549,45.4388006,1
251147478,12.3348205,45.4391202,2
251147479,12.3348889,45.4392938,2
12666696562,12.3063192,45.4365196,3
8831349979,12.3360687,45.4362893,1
4436735203,12.3296767,45.4438228,4
1915139304,12.332281,45.4319744,1
4436735211,12.3298973,45.4440944,4
1875883253,12.3420164,45.4384227,1
1915139316,12.3330322,45.4324763,1
1077392642,12.3207965,45.4475821,4
5362332935,12.349851,45.4388592,1
12666696579,12.3058449,45.4353259,3
1875883337,12.3439327,45.4385817,1
5853655283,12.310706,45.4402616,3
178959705,12.3271347,45.4372238,2
2955556204,12.3430162,45.4354993,1
1863759214,12.3310968,45.4319545,1
2955556206,12.3428838,45.4356493,1
2955556210,12.3427087,45.4358958,1
8134060753,12.3262696,45.4325908,0
1863759223,12.3371914,45.4323489,1
9144251785,12.3293294,45.4484229,4
8134060759,12.3261719,45.4327536,0
9144251787,12.3290849,45.4485045,4
1863759244,12.3377538,45.4326095,1
9144251789,12.3290815,45.4480614,4
9144251790,12.3289134,45.4481161,4
1077392794,12.3206096,45.4470338,4
6218167733,12.346668,45.4378458,1
27178422,12.337206,45.4323252,1
27178423,12.3376575,45.4324816,1
6718141885,12.3050684,45.4392474,3
6718141886,12.304509,45.4394875,3
6718141887,12.3047108,45.4394032,3
6718141888,12.3045776,45.4392374,3
27178433,12.3273505,45.4292402,0
6718141890,12.3047541,45.4391551,3
6718141893,12.304297,45.4389404,3
6718141896,12.3042657,45.4389202,3
6718141897,12.3040677,45.4387925,3
6718141899,12.3042319,45.4388984,3
6718141901,12.3041979,45.4388765,3
2481796559,12.3285739,45.4462004,4
6718141905,12.3041344,45.4388355,3
6718141907,12.304101,45.438814,3
6718141903,12.3041654,45.4388556,3
6718141911,12.3042158,45.438888,3
6718141912,12.304211,45.4392501,3
6718141913,12.3042613,45.4393165,3
6718141922,12.3038894,45.4385344,3
6718141923,12.3040027,45.4386701,3
6718141924,12.3040404,45.4384271,3
6718141925,12.3041212,45.4385248,3
10081744358,12.357795,45.4324655,5
10081744359,12.3578709,45.4324815,5
1863759345,12.3426059,45.4338872,1
1863759355,12.3425301,45.4344693,1
6208108031,12.3577644,45.432541,5
6208108034,12.3577509,45.4323297,5
6208108036,12.3577269,45.4324519,5
6208108037,12.3578628,45.4324791,5
27342342,12.3329354,45.4348157,1
27342343,12.3332454,45.4349399,1
27342348,12.3350403,45.4357007,1
5152060961,12.3324064,45.4391646,2
5152060962,12.3321945,45.439296,2
1855698544,12.3311478,45.4372596,2
233485940,12.3181463,45.4393833,3
1855698559,12.3311414,45.4374242,2
5368297097,12.33289,45.4441025,4
1921651809,12.3200083,45.4430328,4
1855698573,12.3315426,45.4374983,2
1921651810,12.3204924,45.4430288,4
1921651811,12.3218994,45.4430613,4
1855698593,12.3328357,45.4374504,2
1921651815,12.3220723,45.4431227,4
9352132264,12.3125675,45.4328608,0
1855698616,12.3311569,45.4379127,2
1821161157,12.3410005,45.4364888,1
1921651821,12.3219147,45.4431872,4
361248455,12.3373123,45.4390399,1
361248459,12.3376628,45.4387127,1
1921651824,12.3217199,45.4432668,4
1921651825,12.3214948,45.4433589,4
6918059739,12.309497,45.4329723,3
11868550886,12.3496902,45.4347099,5
11868550888,12.3496895,45.4348008,5
1913992941,12.3349607,45.4318125,1
1913992943,12.334125,45.4319859,1
2258482925,12.3214061,45.4472782,4
2258482929,12.3212222,45.4474792,4
6918059762,12.3098247,45.4334364,3
6918059763,12.3098521,45.4334713,3
6918059761,12.3100573,45.4331714,3
1913992950,12.3364174,45.4320818,1
6918059760,12.3095875,45.4331335,3
1913992961,12.3340804,45.4321979,1
3523458816,12.3265096,45.443164,4
3523458818,12.3261806,45.4431951,4
1913992965,12.3335934,45.4322539,1
5476330987,12.3264969,45.4309846,0
6918059782,12.3097849,45.4333855,3
1913992971,12.3348068,45.4323974,1
1913992972,12.335062,45.4324358,1
1913992973,12.3346156,45.4324629,1
1913992974,12.3333068,45.4324544,1
1913992975,12.3347912,45.4324725,1
1913992977,12.3341788,45.4324972,1
1913992980,12.335663,45.4325821,1
1913992982,12.3355776,45.4327409,1
1913992983,12.3339207,45.4327837,1
1913992984,12.3341168,45.4328153,1
1913992986,12.3342422,45.432836,1
1913992987,12.3343596,45.4328571,1
1913992989,12.3345502,45.4328859,1
1913992992,12.334736,45.4329159,1
1913992993,12.3337618,45.4329067,1
4889261860,12.3177753,45.433231,0
1913992999,12.335308,45.4330138,1
7968828711,12.3271571,45.4409844,2
1913993004,12.332469,45.4331536,1
1913993005,12.3321278,45.4332124,1
1913993006,12.3335968,45.4331839,1
1913993010,12.3340553,45.433352,1
1913993009,12.3321408,45.4332637,1
1913993013,12.3352193,45.4335657,1
1913993023,12.3363578,45.4339727,1
5232539462,12.3316358,45.4467509,4
5232539463,12.3317346,45.4467162,4
9978558280,12.3281992,45.4415032,2
9978558281,12.328643,45.4413825,2
5232539464,12.3316608,45.4466105,4
7968828719,12.3262894,45.4415065,2
1921651850,12.320872,45.4442295,4
6296188775,12.3330701,45.4456841,4
1522251637,12.3269793,45.4335451,0
1921651858,12.3219171,45.4444922,4
1749956484,12.3146933,45.4360032,3
1749956490,12.3147094,45.4371513,3
1749956492,12.3113533,45.4333877,3
1749956493,12.3154283,45.4349267,3
4437784468,12.3412914,45.4337071,1
4437784469,12.3410825,45.4337352,1
4437784472,12.3412729,45.433766,1
4437784475,12.3414883,45.4338006,1
2407053232,12.3604976,45.4296818,5
11299927988,12.3367373,45.4335207,1
2407053235,12.360773,45.4296807,5
11299927994,12.3368054,45.4334297,1
2407053242,12.36044,45.4297421,5
2407053241,12.3615417,45.4296504,5
4416354252,12.3350753,45.4377688,2
4416354253,12.3343449,45.4373792,2
4416354254,12.3338688,45.4379063,2
4416354255,12.3348902,45.4376577,2
7897364436,12.3193246,45.4315003,0
7897364438,12.3195586,45.431475,0
7897364434,12.3190703,45.4314892,0
2974760850,12.3224343,45.4468667,4
3110906397,12.3151324,45.4413654,3
7897364451,12.3179051,45.4323542,0
49526779,12.338153,45.4398131,1
4437784578,12.3418101,45.4345587,1
3110906403,12.3146732,45.4405164,3
1905539115,12.3285142,45.4329044,1
1905539125,12.3290037,45.433139,1
1905539126,12.3287618,45.4332446,1
1905539124,12.3288611,45.4331153,1
1905539129,12.3288705,45.4332936,1
4448237627,12.3415965,45.4387676,1
1905539131,12.3284367,45.433507,1
6215841856,12.3574414,45.434996,5
4448237628,12.3415804,45.4387723,1
1905539138,12.3291894,45.434018,1
4448237633,12.341514,45.4387883,1
1905539139,12.3291178,45.4340526,1
6215841855,12.3573532,45.4348672,5
1905539143,12.3275439,45.4369291,2
1905539145,12.3276198,45.4369898,2
294041705,12.3290218,45.4304013,0
1905539185,12.3341263,45.4385591,2
1905539187,12.3341781,45.4386115,2
4437784693,12.342026,45.4347201,1
1905539196,12.3347403,45.4390581,2
1905539198,12.3343539,45.4390819,2
1921651863,12.3212262,45.444557,4
1905539200,12.3338914,45.4392944,2
1905539206,12.334428,45.4396038,2
7541602440,12.3310843,45.4319139,1
7541602441,12.3309081,45.4319476,1
7541602445,12.331338,45.4320362,1
8804743311,12.3479088,45.4376609,1
315259535,12.3379528,45.4408154,1
4437784739,12.3418781,45.4351051,1
4437784742,12.3416245,45.4351259,1
4437784745,12.3405198,45.4352563,1
7182727348,12.3199529,45.4325131,0
7182727349,12.3200544,45.4324144,0
4437784757,12.3427744,45.4355699,1
1698085052,12.3272954,45.4372248,2
5670123711,12.3323206,45.4383071,2
4437784772,12.3426266,45.4358172,1
4437784773,12.3429417,45.4358179,1
5670123716,12.3321373,45.4378286,2
4437784774,12.3428042,45.4358301,1
5700532439,12.3247042,45.4396732,2
13612071135,12.3437675,45.433592,1
13612071140,12.3437321,45.4339799,1
1867299053,12.3114948,45.4312126,0
13051607283,12.3383953,45.433089,1
13051607284,12.3386625,45.4331586,1
1867299068,12.3115226,45.4315834,0
2714417406,12.3419712,45.4338129,1
8544796620,12.3551765,45.4327836,5
1867299074,12.3141493,45.4316267,0
2714417413,12.3427995,45.4334403,1
2269264138,12.3487654,45.4374863,1
2269264141,12.3491469,45.4382299,1
2269264143,12.3492772,45.4384724,1
1867299093,12.3112107,45.4329786,0
2269264154,12.3496482,45.4385293,1
2269264155,12.3502056,45.4379294,1
7919519686,12.322177,45.4467981,4
288078134,12.3370566,45.4393548,1
1627404609,12.3382565,45.4398531,1
1627404611,12.3379656,45.4402568,1
5722945870,12.3189286,45.4473274,4
4841683293,12.3253984,45.4386835,2
4841683294,12.3256135,45.4385279,2
4841683295,12.3255256,45.4385928,2
4841683296,12.3256264,45.43867,2
1844132215,12.3426756,45.4370714,1
1844132218,12.3427765,45.4369233,1
9263135104,12.3395042,45.4399753,1
1844132226,12.3442507,45.4371178,1
1844132240,12.3443101,45.4360549,1
1844132251,12.3442814,45.4357516,1
1844132266,12.3438694,45.4372353,1
10221730219,12.358139,45.4283189,5
10221730220,12.3585045,45.4282683,5
10221730224,12.3578064,45.4280207,5
10221730222,12.358253,45.4275348,5
10221730229,12.358512,45.4278495,5
10221730230,12.3579712,45.4279215,5
10221730233,12.3583795,45.4277716,5
10221730236,12.3584289,45.4282093,5
10221730239,12.3581884,45.42782,5
10221730238,12.3577186,45.4278439,5
10221730241,12.3582949,45.4275392,5
10221730243,12.3578981,45.4280178,5
10221730242,12.3582724,45.4274981,5
10579294674,12.3197261,45.4322708,0
10579294675,12.3195953,45.4322473,0
10579294676,12.3198698,45.4320389,0
10579294677,12.3192968,45.4321702,0
10579294678,12.3203479,45.4319872,0
10579294679,12.3203472,45.4320559,0
10579294680,12.3198196,45.4323113,0
10579294682,12.3197533,45.4321824,0
10579294685,12.3203271,45.4319831,0
10579294687,12.3198303,45.4322211,0
252295652,12.3372459,45.4377624,1
5403195906,12.3333132,45.433161,1
10221730218,12.3578682,45.4281267,5
1919957540,12.3378838,45.4344266,1
1919957547,12.3388481,45.4348435,1
1851734571,12.3227112,45.4391958,2
1851734573,12.3164999,45.4351589,3
1851734574,12.3225786,45.4395153,2
1919957558,12.3363417,45.4350667,1
1919957562,12.3362943,45.4350956,1
11559844416,12.3313238,45.4290222,0
1919957571,12.3363204,45.4352451,1
1919957573,12.3367985,45.4352507,1
1919957577,12.3367847,45.4352577,1
1851734601,12.3217023,45.4399783,2
1919957579,12.3367331,45.4353112,1
1851734605,12.3213877,45.4386464,2
1919957583,12.3369081,45.4353803,1
1919957585,12.3369953,45.4354136,1
1831507030,12.3566612,45.4311022,5
1919957587,12.3372818,45.4354237,1
1919957591,12.3383149,45.4355238,1
1919957593,12.3367802,45.4355233,1
1919957595,12.3376679,45.4355504,1
1919957603,12.3385914,45.4356369,1
1919957620,12.3386607,45.4359691,1
5363481209,12.3633614,45.4275569,5
1919957633,12.3384827,45.4360913,1
10611341984,12.3374666,45.4328409,1
49527488,12.3382035,45.4404015,1
49527490,12.337453,45.4406524,1
1851603672,12.3207399,45.4390867,2
1851603669,12.322606,45.436167,2
5127879389,12.3258619,45.4356849,2
5127879391,12.3257674,45.4354775,2
2493856508,12.3215889,45.4407422,4
3389313444,12.3279662,45.4361831,2
8352640287,12.3155313,45.4407235,3
8352640288,12.3155927,45.4407464,3
8352640289,12.3156928,45.4407837,3
1854454548,12.3260927,45.4359845,2
8352640290,12.3157274,45.4407966,3
3389313445,12.3263568,45.4364355,2
1832894317,12.3226126,45.44145,4
1844067102,12.3572006,45.4341797,5
4186880805,12.3125764,45.4408083,3
4186880815,12.313859,45.4411167,3
4186880818,12.3143592,45.4411666,3
3389313447,12.3264342,45.436479,2
566311756,12.3355462,45.432554,1
9094576978,12.3370346,45.4368689,1
566311762,12.3353537,45.4325231,1
3178048003,12.3308253,45.4430264,4
3178048005,12.3312342,45.4430691,4
5360696172,12.3380152,45.4331259,1
5360696173,12.338121,45.4329388,1
5360696174,12.3378845,45.4330953,1
5360696175,12.3380052,45.4328629,1
5360696176,12.3381543,45.4331584,1
5360696177,12.3382759,45.432926,1
5962873721,12.3596166,45.4307052,5
3178048009,12.3304758,45.4431146,4
5962873726,12.3596199,45.4306821,5
5962873722,12.3596111,45.4307392,5
3389313449,12.3260913,45.4365063,2
3178048012,12.3283716,45.4431778,4
566311825,12.335459,45.4322989,1
3178048013,12.3305013,45.4431942,4
3178048014,12.3311666,45.4432249,4
1844067226,12.3573807,45.4348589,5
3178048015,12.3309146,45.4432427,4
3178048016,12.3308893,45.4432479,4
3178048022,12.3305405,45.4433164,4
3178048023,12.3305525,45.4433537,4
3178048024,12.3304273,45.4433804,4
566311885,12.3352373,45.4324622,1
3178048025,12.3309476,45.4434286,4
1771846610,12.3333651,45.4415746,1
566311896,12.3351452,45.4327423,1
3178048027,12.3305297,45.4438987,4
49527843,12.3355402,45.4405875,1
3327496765,12.3116839,45.4407333,3
566311998,12.3351841,45.4326232,1
3327496766,12.3118679,45.4405499,3
566312036,12.335505,45.4327277,1
3327496767,12.3125146,45.439091,3
7819476089,12.3170987,45.4379779,3
5368462472,12.365671,45.4252067,5
8115010717,12.3605687,45.4284525,5
8115010719,12.3607747,45.4285559,5
8115010720,12.3609073,45.4285415,5
8115010721,12.3608782,45.4286618,5
1915141297,12.3323546,45.4329389,1
1915141302,12.3319386,45.4331372,1
7840414908,12.3294094,45.4353229,1
7840414910,12.329567,45.4352842,1
7840414911,12.3295231,45.435341,1
248200399,12.3565114,45.4305723,5
3586702556,12.3606923,45.4254603,5
3586702557,12.3607792,45.4254684,5
3586702562,12.3608315,45.4253958,5
2916105471,12.3422189,45.4383919,1
251149570,12.335689,45.4385327,2
13843873094,12.3277076,45.441678,2
6726073675,12.3047,45.4395221,3
6726073676,12.3052073,45.4393122,3
6726073679,12.3046258,45.439498,3
1904790279,12.3329353,45.4451687,4
49520665,12.3420521,45.4352323,1
12673301894,12.3398065,45.4408592,1
1904790284,12.3295379,45.4452372,4
1776205210,12.3355268,45.4373109,1
5655969247,12.3327954,45.4399199,2
4841684461,12.3283273,45.4370131,2
4841684464,12.3278859,45.4369343,2
8575270385,12.3533306,45.4319936,5
8575270386,12.3533243,45.4320199,5
9992355356,12.323517,45.4334015,0
9992355360,12.3282241,45.4454028,4
1777909282,12.3376873,45.4374858,1
1904790315,12.3300804,45.446763,4
5233022644,12.3282982,45.4429833,4
5233022646,12.3284898,45.4431432,4
10080730692,12.3546228,45.4310621,5
10080730694,12.3543782,45.4317378,5
10080730697,12.3543753,45.4309714,5
10080730698,12.3544069,45.4315823,5
10080730699,12.354518,45.4317521,5
10080730695,12.3543511,45.4318901,5
1920010959,12.3417093,45.4360972,1
13459245872,12.3095759,45.4401385,3
1920010960,12.3412815,45.4361273,1
1920010962,12.3423822,45.4361964,1
5410176654,12.3249778,45.439501,2
5410176661,12.3241584,45.4388036,2
310951574,12.3346724,45.4428673,1
10578804372,12.3585528,45.4312958,5
8557313690,12.3365086,45.4343088,1
8557313691,12.3362385,45.4341648,1
8557313694,12.3363916,45.4343741,1
8557313695,12.3361539,45.4342731,1
2123929695,12.3044566,45.4399105,3
251215534,12.3359127,45.4371436,1
251215536,12.3362193,45.4374612,1
5216485045,12.3609341,45.4291645,5
5216485048,12.3609403,45.4292766,5
5216485046,12.3610707,45.42916,5
5216485051,12.3615398,45.4295149,5
4852301500,12.3405828,45.4383634,1
4852301501,12.3403736,45.4380596,1
5216485052,12.3619107,45.4295056,5
5216485053,12.3615371,45.4293267,5
5216485060,12.362443,45.4291628,5
5216485062,12.3620979,45.4293398,5
5216485068,12.3622437,45.4291654,5
4399546053,12.3167694,45.4319892,0
10221731528,12.3584903,45.4287228,5
5216485075,12.3609277,45.4289965,5
10221731531,12.3587916,45.4285737,5
5216485072,12.360442,45.4290004,5
2974990038,12.3281383,45.4438794,4
10579394267,12.3354442,45.4358481,1
10579394268,12.3353048,45.4359245,1
10579394269,12.3352455,45.4358826,1
10579394270,12.3352457,45.4357769,1
10579394271,12.3351094,45.4357767,1
10579394272,12.335136,45.435806,1
10579394273,12.3353936,45.4358364,1
2974990052,12.3281539,45.4448449,4
2974990059,12.327937,45.4451822,4
2974990061,12.3280003,45.4452706,4
2974990062,12.3277951,45.4453195,4
2974990063,12.3276282,45.4453632,4
1832894201,12.3200013,45.4386136,2
2974990071,12.325599,45.4462477,4
2974990078,12.3273195,45.4465786,4
1832894208,12.3209587,45.4392096,2
1832894210,12.3232072,45.4391937,2
2974990084,12.3268779,45.4467237,4
2974990086,12.3253554,45.4467314,4
2974990090,12.3256508,45.4467991,4
2974990083,12.3248595,45.4467143,4
2974990092,12.3254378,45.4468438,4
2974990094,12.3253929,45.4468512,4
2974990096,12.324928,45.4469226,4
1854777842,12.3169426,45.4364041,3
1832894220,12.3201337,45.43945,4
2974990100,12.3257328,45.447056,4
2974990101,12.3248778,45.4473822,4
1854777845,12.3160936,45.4362366,3
2974990105,12.3293806,45.4484953,4
1832894238,12.3219514,45.4402455,2
2960015137,12.3273558,45.4303839,0
49528615,12.3367493,45.441324,1
49528617,12.3375155,45.4412197,1
49528619,12.3381297,45.4416005,1
1854777848,12.3164915,45.4363155,3
1854777850,12.3166825,45.4358257,3
3203907392,12.3276374,45.4295782,0
3203907395,12.3299449,45.4305798,0
3203907397,12.3297628,45.4306292,0
1832894276,12.3219587,45.4409707,4
1832894281,12.3219919,45.4409904,4
1832894283,12.3220288,45.441018,4
5670125431,12.3307649,45.4366406,2
2123929739,12.3150353,45.4408053,3
1522319233,12.3317209,45.4397259,2
2974760835,12.3223965,45.4464296,4
5670125444,12.3317748,45.4377612,2
5670125446,12.3318522,45.4379493,2
5670125447,12.3320564,45.43778,2
10825219985,12.3070633,45.4424946,3
10825219986,12.3075983,45.4419287,3
10825219987,12.3076801,45.4418904,3
10825219988,12.307763,45.4418711,3
10825219989,12.3078482,45.4418617,3
5670125456,12.332553,45.4386415,2
5670125457,12.3325149,45.4386992,2
358465427,12.3360729,45.4337865,1
5670125462,12.3327156,45.4388472,2
4144512918,12.3578149,45.4309158,5
4144512919,12.357861,45.4308283,5
10825219992,12.308099,45.4419119,3
4144512939,12.3577923,45.4355045,5
4144512940,12.3580758,45.4354195,5
9845653421,12.3152792,45.4400781,3
4144512941,12.3581957,45.4355047,5
4144512943,12.3584271,45.4357504,5
4144512944,12.3588128,45.4360508,5
4144512945,12.358296,45.4356484,5
5208784825,12.3533429,45.4321028,5
4144512971,12.3590068,45.4357716,5
4144512972,12.3588991,45.4360263,5
4144512973,12.3581991,45.4359084,5
3586703304,12.3559973,45.4291018,5
3586703308,12.3561563,45.4289438,5
8544796621,12.3551863,45.4327843,5
5186273235,12.3183797,45.4344924,0
5186273236,12.3182427,45.434818,0
3586703317,12.3562943,45.4289369,5
2123929757,12.3082587,45.4428134,3
11299962852,12.332243,45.4333995,1
11299962860,12.3326432,45.4333058,1
11299962863,12.3324983,45.4333117,1
10592632820,12.3334825,45.4301126,0
2255994877,12.3490376,45.4380496,1
2255994878,12.3495901,45.4389156,1
4634918928,12.333009,45.4316223,1
4634918929,12.3330605,45.4316227,1
4634918931,12.3330064,45.4316811,1
4634918937,12.3330215,45.4321402,1
4801937439,12.3298098,45.4368246,2
4634918943,12.3329661,45.4323743,1
4589862948,12.316377,45.4322794,0
5476827183,12.3249937,45.4330283,0
4589862962,12.3322983,45.4379942,2
4589862967,12.3322385,45.4380501,2
4589862983,12.331135,45.4384556,2
5690409041,12.3150877,45.4428826,3
5690409053,12.3150702,45.441433,3
5690409054,12.3151305,45.4413363,3
5690409052,12.3150392,45.441468,3
2734440558,12.3349378,45.4408606,1
8087978095,12.3333628,45.4331592,1
5690409075,12.304546,45.4395303,3
5690409074,12.30508,45.4393163,3
5149835394,12.3231557,45.438711,2
5149835395,12.3231996,45.4386496,2
5476860041,12.3203772,45.4354111,0
5909823652,12.3354563,45.4341625,1
5367972031,12.3339606,45.4371136,2
12887376064,12.3151126,45.4412565,3
12887376067,12.3142762,45.4410426,3
12887376091,12.3141533,45.4408356,3
12887376092,12.3141806,45.4406846,3
8742093069,12.3421076,45.4382605,1
3586474255,12.3354576,45.4373358,1
3586474256,12.3356214,45.4375057,1
3586474257,12.3356824,45.4374777,1
1736130834,12.3173971,45.4389903,3
3586474258,12.3357347,45.4375338,1
3586474261,12.335531,45.4374119,1
3586474262,12.3355083,45.4373884,1
3586474266,12.3304169,45.4354318,1
1736130836,12.3174954,45.4390797,3
5362368797,12.3316468,45.4426882,4
4826022225,12.3321607,45.4302979,0
4826022228,12.3311825,45.4301325,0
2407022940,12.3617122,45.426341,5
2407022941,12.3620257,45.4267404,5
2407022942,12.3623979,45.4270711,5
2407022944,12.3621957,45.4261628,5
2407022947,12.3626105,45.426561,5
2407022948,12.3613391,45.4269657,5
2407022950,12.3616764,45.4273767,5
2407022951,12.360986,45.4263036,5
2407022952,12.3610135,45.4265677,5
1854226801,12.3293022,45.4297248,0
1854226805,12.3313355,45.4284359,0
1854226816,12.3291632,45.429764,0
13376471488,12.3420665,45.4334732,1
10827678158,12.3161231,45.4388582,3
10827678159,12.3165538,45.4382811,3
10827678160,12.3173202,45.4378489,3
1777123812,12.3115605,45.432176,0
4852302335,12.3378809,45.4378782,1
8010383885,12.3255293,45.4477378,4
8010383887,12.3256176,45.44789,4
8010383888,12.3256744,45.4478743,4
8010383886,12.3256305,45.4479122,4
4438966820,12.3444749,45.4357007,1
248169010,12.3413118,45.4422131,1
4883694133,12.3295976,45.4391143,2
566313531,12.3331429,45.4381752,2
4589863489,12.3308166,45.438638,2
10579756979,12.3255038,45.4303435,0
3310699084,12.3352214,45.4423088,1
566313555,12.333221,45.4384085,2
3586736741,12.3408195,45.4428968,1
3586736744,12.3407425,45.4429405,1
3586736747,12.3409998,45.4427945,1
3586736751,12.3410777,45.4427503,1
3586736756,12.3405319,45.4430581,1
566313592,12.3340437,45.4346388,1
4525769341,12.3168778,45.4320032,0
4438966913,12.3457607,45.4350668,1
4525769345,12.3168855,45.4314622,0
2482210726,12.323488,45.4435857,4
1871659655,12.3439903,45.4336433,1
1871659662,12.3288039,45.4425295,4
1624031888,12.3385066,45.4405506,1
4438966935,12.3457178,45.4354014,1
566313636,12.3335276,45.4382878,2
4438966951,12.3457551,45.4355893,1
5722948269,12.3292301,45.4482782,4
12852839109,12.3343033,45.4367027,1
12852839110,12.334254,45.4367494,1
5174411977,12.3228506,45.4308616,0
4438966984,12.3450935,45.4358629,1
3503833804,12.3256429,45.4366595,2
5174411975,12.3229785,45.4312198,0
3299197647,12.344456,45.4355911,1
3503833809,12.32458,45.4370996,2
3299197650,12.3442777,45.4357386,1
3299197654,12.3444666,45.4357726,1
566313688,12.3310981,45.4348908,1
3503833823,12.3317107,45.4403717,2
49529567,12.3351169,45.4436893,4
3503833832,12.3316517,45.4404471,2
3327476461,12.3121624,45.4407408,3
3327476460,12.3128271,45.4403493,3
3503833839,12.331627,45.4405372,2
3503833849,12.3305086,45.4408529,2
3503833850,12.3304561,45.4408841,2
566313737,12.3332583,45.4382084,2
223527689,12.337289,45.432351,1
3503833872,12.3308557,45.4411472,2
3503833874,12.3307418,45.4411395,2
4843193113,12.3298947,45.4400704,2
4474913561,12.326929,45.4371781,2
4474913562,12.3268901,45.4371695,2
4437984032,12.3456572,45.4348295,1
4437984048,12.3445267,45.4350643,1
4437984056,12.3446701,45.4351542,1
4437984055,12.3446912,45.4350937,1
4195828555,12.3278648,45.4416613,2
4195828557,12.3277293,45.4418467,2
4195828558,12.327924,45.44195,2
3205383007,12.3311855,45.436943,2
4441293683,12.3442924,45.4362673,1
8586216327,12.3206906,45.4437346,4
8586216329,12.3207117,45.4437749,4
3586376601,12.328686,45.4315531,0
3586376605,12.3284927,45.4316526,0
3586376606,12.3286176,45.431586,0
3586376608,12.3287253,45.4314041,0
3586376609,12.3288122,45.431297,0
3586376613,12.3326709,45.4315427,1
3586376618,12.3379309,45.4323316,1
3586376619,12.3380105,45.4323541,1
3586376621,12.3420733,45.4334501,1
3586376622,12.3420457,45.4335445,1
3586376633,12.3429027,45.4335688,1
3586376640,12.3428403,45.43355,1
3586376642,12.3427909,45.433535,1
3586376646,12.3430314,45.4335656,1
3586376648,12.3429745,45.433567,1
3586376650,12.3428209,45.4339079,1
4982195156,12.3355201,45.438314,1
4982195157,12.3355561,45.4382872,1
4982195158,12.335609,45.4383434,1
4982195159,12.3356361,45.4382909,1
4982195160,12.3356659,45.4383211,1
3327476693,12.3117887,45.4404565,3
4803871721,12.3331708,45.439322,2
257475605,12.3241283,45.4425363,4
7781467168,12.3263372,45.4386092,2
7781467169,12.3260797,45.4385855,2
5158487111,12.3269599,45.436674,2
5165663320,12.3168428,45.4342007,0
1521796200,12.359992,45.4289906,5
10579362922,12.3416881,45.4390763,1
4441293939,12.3457882,45.4359891,1
8084833410,12.3369106,45.4379792,1
1689011339,12.3390928,45.4422724,1
4441293977,12.3438892,45.4361736,1
8254473427,12.3194241,45.4356391,3
49530081,12.3336877,45.4445396,4
11862689017,12.3476759,45.4375018,1
11862689018,12.3476317,45.4373081,1
5178344702,12.3146671,45.4334912,0
5178344703,12.3147785,45.4337665,0
5178344705,12.3148075,45.4336952,0
5178344710,12.314294,45.4336057,0
5178344711,12.3141097,45.4335629,0
5178344706,12.3148315,45.4336362,0
5178344720,12.3161898,45.433838,0
4793615633,12.3311115,45.4390422,2
4793615634,12.3308409,45.4393817,2
4793615635,12.3308462,45.4391858,2
315260171,12.3402263,45.4418654,1
5690110951,12.3044849,45.4388156,3
5690110953,12.3046545,45.4391589,3
315260177,12.3402403,45.4426301,1
4826056027,12.330812,45.4303139,0
358532447,12.3384857,45.4382009,1
4826056042,12.3321665,45.430379,0
358532461,12.338265,45.4387431,1
7645414765,12.3303948,45.4368113,2
4446340462,12.3421341,45.4382567,1
5690110966,12.3049811,45.4390226,3
11866686889,12.3426075,45.4377635,1
11866686890,12.3426877,45.437807,1
11866686892,12.3426384,45.4377618,1
11866686894,12.3426753,45.4377593,1
358499759,12.3388315,45.4369573,1
2349198046,12.311757,45.4394025,3
358499766,12.3390555,45.4373062,1
358499773,12.3380558,45.4370713,1
4826056125,12.3314912,45.4297775,0
358499775,12.3387803,45.4373843,1
358499782,12.3386951,45.4374026,1
358499783,12.3396007,45.4376187,1
7644530122,12.3043298,45.4389616,3
358499785,12.339131,45.437279,1
358499792,12.3391996,45.4376921,1
1852491222,12.3194579,45.432481,0
1852491224,12.3193116,45.4319802,0
5822662106,12.3283152,45.4426047,4
4730387593,12.3250797,45.4417257,2
1855210975,12.3247751,45.4370289,2
1855210978,12.3234573,45.4379005,2
1855210979,12.3246665,45.4368445,2
1855210990,12.3252421,45.4368062,2
4920460784,12.331279,45.4367883,2
4920460785,12.3309687,45.4367143,2
1852491253,12.3204007,45.4319976,0
1852491255,12.3193437,45.4314995,0
1852491257,12.3187986,45.4319274,0
1852491252,12.3188026,45.4317653,0
1852491260,12.3190962,45.4319623,0
1852491263,12.3190912,45.4315101,0
4826056230,12.3316873,45.4299178,0
4826056233,12.3311248,45.4298803,0
4826056236,12.330547,45.4294678,0
222053953,12.3412934,45.4426253,1
12378949193,12.3585442,45.43587,5
12378949197,12.3582352,45.4361427,5
12378949195,12.3588282,45.4356702,5
1066747468,12.3214606,45.4450729,4
3791996516,12.359556,45.4287814,5
3791996517,12.3595951,45.4289335,5
3791996518,12.3598939,45.4290576,5
3791996519,12.3596394,45.4290948,5
7992493686,12.3281743,45.430352,0
7992493687,12.3281034,45.4303777,0
4441294464,12.3453201,45.4371085,1
3527984781,12.3210059,45.4407616,4
4441294483,12.3452848,45.4372026,1
3527984787,12.3203257,45.4408441,4
3527984792,12.3202493,45.4408864,4
3165800091,12.3281551,45.442611,4
1279674020,12.3076321,45.4432758,3
3165800101,12.3293411,45.4429701,4
3165800102,12.3286142,45.4431078,4
3791996584,12.3473758,45.4379992,1
1279674028,12.3078185,45.442993,3
4446340779,12.3438343,45.4382407,1
4441294509,12.3452491,45.4372981,1
3791996589,12.3469104,45.4383912,1
3165800111,12.3292041,45.4439268,4
4446340804,12.34212,45.4384023,1
4983211715,12.3346469,45.4388474,2
4983211716,12.3355502,45.4382143,1
4983211717,12.3345142,45.4389402,2
4983211718,12.334699,45.438886,2
5720884933,12.3325698,45.4344464,1
5720884932,12.3326909,45.4343901,1
5720884936,12.330608,45.433738,1
6550898385,12.3344613,45.4291933,0
4446340822,12.3430902,45.4384909,1
9196521176,12.326683,45.4386701,2
4441294550,12.343111,45.4377536,1
5740709595,12.3310696,45.4350706,1
4446340829,12.34298,45.4385241,1
5720884972,12.3314706,45.4347218,1
4441294574,12.3427922,45.4380674,1
6859966193,12.3277153,45.4378487,2
4441294581,12.3436652,45.4380968,1
8145618682,12.3183215,45.4448083,4
4441294586,12.3426187,45.4381099,1
8012613385,12.3151315,45.4376311,3
8012613387,12.3156839,45.4378893,3
8012613389,12.3154513,45.4379376,3
4441294606,12.3444093,45.4381453,1
8012613392,12.3163696,45.4380131,3
8012613393,12.3162122,45.4379874,3
4441294612,12.342483,45.4381704,1
8012613394,12.3162302,45.4379424,3
5373773595,12.357752,45.4325726,5
5373773596,12.3578405,45.4323532,5
2349198120,12.3105477,45.4400253,3
4764747571,12.3279337,45.4386573,2
315260277,12.3430565,45.4386782,1
4845258551,12.3314335,45.4370199,2
4845258554,12.3315231,45.4371159,2
4845258555,12.3317443,45.4371861,2
4446340926,12.3431418,45.4395081,1
2715404100,12.3487473,45.4330769,5
13048760140,12.3282579,45.4384183,2
13048760142,12.3281355,45.4383439,2
13048760143,12.3280465,45.4385024,2
12666696557,12.3064643,45.4364979,3
4803872602,12.3330892,45.4393581,2
4803872603,12.3330015,45.4392776,2
4803217244,12.3253742,45.4339145,2
5186423349,12.318839,45.4344361,0
2715404153,12.3550044,45.4299425,5
2715404154,12.3561891,45.4290366,5
4849649542,12.3310956,45.440232,2
566314891,12.317213,45.4331543,0
1906034575,12.3250392,45.4316978,0
1906034578,12.32476,45.431734,0
364857245,12.3389173,45.4382493,1
364857246,12.3392117,45.4381854,1
10579756974,12.3281583,45.4315027,0
10579756977,12.3284103,45.4315052,0
10579756978,12.3280174,45.4315017,0
5844256697,12.3269686,45.4333964,0
5863557058,12.3620513,45.4284158,5
5844256701,12.3248866,45.432632,0
7919519685,12.3215612,45.446505,4
5844256702,12.3248014,45.4328386,0
7919519687,12.3223591,45.4467524,4
4823795656,12.3333188,45.4293969,0
7919519688,12.3219482,45.4464011,4
7919519689,12.3221409,45.4463494,4
7919519690,12.322543,45.4462677,4
7919519691,12.3230269,45.4463866,4
7919519692,12.3228369,45.4464341,4
5844256712,12.3240892,45.432694,0
8013629408,12.3173052,45.4388661,3
1996193111,12.3446003,45.440735,1
10082666489,12.3258253,45.4306088,0
1855473678,12.3277578,45.4395483,2
455034896,12.3043872,45.4380443,3
1855473687,12.3278602,45.4394663,2
1855473690,12.3272918,45.4392752,2
8064911389,12.3207518,45.4427334,4
12480301125,12.327191,45.4484156,4
1522321494,12.3298646,45.4398787,2
5909825693,12.3309972,45.4331237,1
566315169,12.3216141,45.4322571,0
566315180,12.3168236,45.4323375,0
3527986497,12.3212199,45.4409512,4
1904810389,12.3268562,45.4444134,4
1904810390,12.3274054,45.4445263,4
4801939644,12.3263785,45.4384459,2
1927203004,12.3196339,45.4382737,3
1927203007,12.3193994,45.4382486,3
1904810391,12.3276313,45.4445592,4
1927203006,12.3182416,45.4382314,3
1904810392,12.3268229,45.4445804,4
1904810393,12.327305,45.4447023,4
3527986501,12.3207512,45.4412167,4
13638158543,12.3341438,45.4341954,1
1904810394,12.3272884,45.4447329,4
1904810395,12.3271896,45.444882,4
1904810396,12.3276335,45.4449423,4
7900350704,12.3225705,45.4431234,4
8880343297,12.3282969,45.4417473,2
8880343298,12.3281723,45.4417651,2
5542332680,12.3193478,45.4343192,0
5542332681,12.3192667,45.4342777,0
5164583174,12.3167524,45.4341834,0
5164583176,12.3167363,45.43427,0
1852466275,12.31695,45.4330729,0
10578807061,12.3586211,45.4308965,5
10578807062,12.3588931,45.4309356,5
10578807063,12.3587828,45.4306313,5
2245183773,12.3220448,45.4312649,0
2245183774,12.3219135,45.4305861,0
3398708726,12.3187501,45.440852,4
1602832778,12.3632901,45.4286923,5
6224562605,12.3577762,45.4321062,5
1602832818,12.3655512,45.4292843,5
12851071412,12.336738,45.4424768,1
6224562614,12.3577616,45.4322516,5
6224562616,12.357635,45.4320687,5
6224562617,12.3579289,45.432145,5
6224562618,12.3581377,45.4317502,5
6224562619,12.3578476,45.4316739,5
1602832830,12.3626045,45.4299633,5
6224562626,12.3576371,45.4318725,5
6224562631,12.3575839,45.4319822,5
6224562632,12.3574938,45.431961,5
1602832846,12.362398,45.4307065,5
6224562637,12.3576088,45.4319308,5
6224562638,12.3574992,45.4319039,5
6224562646,12.3576531,45.4316232,5
566315483,12.3213805,45.4326648,0
1602832863,12.3619171,45.4311013,5
1602832864,12.3608806,45.4311195,5
1602832868,12.3602022,45.4312144,5
1602832873,12.3615082,45.4315382,5
6224562670,12.3575114,45.4316959,5
6224562671,12.3576264,45.4316746,5
1602832881,12.3614244,45.43169,5
1602832883,12.3609866,45.4316982,5
6224562678,12.3582899,45.4317884,5
1602832890,12.362746,45.431832,5
1602832885,12.3614551,45.4317383,5
6224562686,12.3577206,45.4319103,5
1602832887,12.3603687,45.4317577,5
6224562688,12.357755,45.431849,5
1602832892,12.3620131,45.4319072,5
6224562687,12.3580145,45.4319831,5
6224562694,12.3581226,45.4320792,5
6224562689,12.3580442,45.4319269,5
1854261762,12.3253573,45.4333181,2
6224562691,12.3586118,45.4317114,5
6224562692,12.3586758,45.4317279,5
6224562693,12.3584274,45.4321639,5
1854261766,12.3221153,45.4321219,0
1854261768,12.3224291,45.4324331,0
8065927694,12.3210783,45.44419,4
6224562695,12.3583613,45.4316643,5
6224562697,12.3583651,45.4316981,5
1854261771,12.3251416,45.4349035,2
6224562699,12.3583519,45.4317212,5
6224562700,12.3581958,45.4320146,5
6224562702,12.358366,45.4321468,5
6224562704,12.3582631,45.4320329,5
6224562703,12.3582225,45.4321069,5
6224562716,12.3582699,45.4318753,5
1854261787,12.3225279,45.4319456,0
1854261789,12.3254672,45.4333447,2
1854261791,12.3231122,45.4320599,0
5734451744,12.3187912,45.4388032,3
6224562719,12.3585983,45.4318642,5
1854261797,12.3220916,45.4323931,0
1602832938,12.3612272,45.4321489,5
1854261812,12.3227656,45.4329889,0
1854261813,12.3252843,45.4337301,2
1854261815,12.323589,45.4336194,2
1854261832,12.3235136,45.432585,0
3398708737,12.3182109,45.441155,4
10214664553,12.3123197,45.4400751,3
12770757228,12.3195438,45.4377902,3
12770757229,12.3195696,45.4377062,3
12770757234,12.3195808,45.4376392,3
1905904245,12.3336369,45.4364555,1
1905904247,12.3342033,45.4366572,1
12770757243,12.3195198,45.4376681,3
1905904252,12.33409,45.4397656,2
12770757248,12.3194167,45.4376696,3
12770757249,12.3195846,45.4376078,3
12770757264,12.3172091,45.438955,3
12770757265,12.3180002,45.4385031,3
10214664567,12.3113068,45.4399246,3
3882568354,12.3575511,45.4325368,5
1743800995,12.3404318,45.4403352,1
3882568356,12.3575672,45.4324333,5
5368138412,12.3345932,45.4404117,1
5368138414,12.3344934,45.4404623,1
5692803769,12.3279138,45.4335148,1
1904790214,12.3318745,45.4421384,1
1904790219,12.3325001,45.4424248,1
1904790223,12.3327518,45.4430339,4
1904790226,12.334393,45.4430816,4
1904790227,12.3313359,45.443092,4
1904790240,12.3320498,45.4432515,4
1904790246,12.3317366,45.4436356,4
1904790253,12.3311527,45.4438595,4
1904790254,12.3326629,45.4438587,4
13459245806,12.3137306,45.4394541,3
13459245809,12.3137941,45.4395794,3
1904790261,12.3325401,45.4442811,4
13459245815,12.313783,45.4394391,3
1904790265,12.331638,45.4446755,4
9196522235,12.3311497,45.4376356,2
1904790270,12.3294465,45.4449529,4
1904790280,12.3290015,45.4451851,4
2249214723,12.3328086,45.4395076,2
5152164615,12.3256429,45.4320203,0
5152164616,12.3257081,45.4320248,0
1904790304,12.3325593,45.4460331,4
1904790303,12.3299106,45.4459733,4
1904790308,12.3288935,45.4462527,4
1904790309,12.331714,45.4462596,4
13459245869,12.3090707,45.4401793,3
13459245870,12.3093112,45.4401103,3
13459245871,12.3092171,45.4397319,3
1904790312,12.3307083,45.4465599,4
1904790314,12.3317906,45.4466964,4
6860720940,12.3422461,45.4333568,1
1904790317,12.3292701,45.4468332,4
1904790322,12.3288222,45.4471821,4
2262616884,12.3567315,45.4331841,5
1904790326,12.3261819,45.4478982,4
13459245879,12.3111163,45.4396367,3
2262616892,12.3566488,45.4335228,5
13459245883,12.310429,45.4392523,3
13459245894,12.3141106,45.4383343,3
13459245899,12.3121947,45.4363166,3
13459245898,12.3125059,45.436115,3
13459245912,12.3122643,45.4373356,3
13459245919,12.3134355,45.4381273,3
13459245924,12.3098131,45.4422712,3
13459245931,12.3154733,45.4313711,0
13459245932,12.3154598,45.4318075,0
13459245933,12.3165396,45.4314302,0
13459245935,12.3161277,45.4314925,0
13459245943,12.3180766,45.4374388,3
13459245944,12.3180369,45.4374209,3
13459245947,12.3176038,45.4374998,3
13459245951,12.3159479,45.4371962,3
13459245953,12.3174396,45.4402289,3
13459245954,12.3157252,45.4427129,3
13459245955,12.3160693,45.442576,3
13459245966,12.3163706,45.4428913,3
13459245968,12.3159691,45.4401621,3
7623429022,12.3631482,45.4256221,5
7623429024,12.3632989,45.4256385,5
7623429026,12.3627741,45.4282663,5
1172032419,12.3224028,45.4341793,0
7623429033,12.362917,45.4275134,5
7623429035,12.3631074,45.4266092,5
8097778602,12.3289868,45.4331316,1
8097778603,12.329011,45.4331043,1
8097778605,12.3290283,45.4331132,1
7623429044,12.3634649,45.425274,5
7908772818,12.3324813,45.4428591,4
7908772819,12.3324193,45.4429137,4
2407156697,12.3608184,45.4284243,5
2407156698,12.3609363,45.4292108,5
2407156700,12.3603115,45.4292448,5
2407156701,12.3609725,45.4297427,5
2407156703,12.3609512,45.4294368,5
2407156704,12.3609627,45.4296051,5
2407156706,12.3615283,45.4287882,5
2407156707,12.3619172,45.4287636,5
2407156709,12.3618923,45.4291701,5
2407156711,12.3619169,45.4296291,5
2407156713,12.3609202,45.4288141,5
1521994730,12.3393639,45.4404595,1
2407156714,12.361535,45.4291812,5
2407156717,12.3623961,45.4294206,5
2407156715,12.3626963,45.4291594,5
5208656884,12.3294201,45.4482149,4
5208656893,12.3289636,45.4486288,4
5208656899,12.3285937,45.4476015,4
5208656897,12.3287954,45.4479249,4
1743801349,12.3379289,45.4392502,1
5208656896,12.3285715,45.4479903,4
6620793868,12.3422319,45.4348107,1
6620793869,12.3422201,45.4348103,1
6620793870,12.3422565,45.4345853,1
6620793871,12.3422434,45.4345848,1
6620793872,12.3422588,45.4345376,1
6620793873,12.3422467,45.4345372,1
10005629981,12.3153771,45.4409756,3
10816474148,12.30818,45.4419085,3
11090414679,12.3494347,45.4340965,5
11090414680,12.349193,45.4341469,5
4820323433,12.3288807,45.4407218,2
408145033,12.3264709,45.4364597,2
566316173,12.3159017,45.4386355,3
4919250070,12.3329303,45.4372114,2
8804748442,12.347458,45.436258,1
10592472222,12.3301768,45.4306158,0
10592472224,12.3303472,45.4310271,0
10592472227,12.3302705,45.4306416,0
10592472230,12.3301845,45.4308518,0
10592472232,12.3300899,45.4306047,0
6304451772,12.3327139,45.4382733,2
1838206199,12.3200401,45.4364992,3
10816474361,12.3046057,45.4394471,3
1838206208,12.3212017,45.4370548,2
1838206211,12.3148463,45.4385908,3
1838206214,12.3158526,45.438583,3
1838206227,12.3167279,45.4364568,3
1838206242,12.3199205,45.4370743,3
5244439846,12.3321722,45.4439336,4
1838206249,12.3225615,45.4366428,2
6630690089,12.3432304,45.4363045,1
6630690090,12.3430695,45.4365252,1
1838206252,12.3196798,45.436948,3
1838206253,12.3177078,45.4365529,3
6630690091,12.3430191,45.4365942,1
6630690092,12.3429817,45.436645,1
6630690093,12.3429081,45.4367449,1
6630690094,12.3428379,45.4368404,1
6630690095,12.3427567,45.436946,1
6630690096,12.3426315,45.4371416,1
6630690098,12.3426054,45.4371341,1
6630690100,12.3427404,45.4369403,1
6630690102,12.3428233,45.4368351,1
3527986496,12.3204408,45.4409511,4
6630690106,12.3429622,45.4366387,1
6630690108,12.3429992,45.4365877,1
6630690110,12.3430523,45.4365191,1
6630690112,12.3432097,45.4362972,1
1838206274,12.3216238,45.4358555,2
1838206277,12.3201514,45.4361703,3
3527986505,12.3209504,45.4413907,4
1838206284,12.3202072,45.437045,2
1838206285,12.3199113,45.4369809,3
3527986511,12.3211461,45.4416509,4
5395074392,12.3380973,45.434209,1
3527986520,12.3233822,45.4421036,4
29233806,12.3290556,45.445359,4
8005832030,12.312123,45.4328207,0
3527986527,12.3232,45.4422716,4
8005832032,12.3121035,45.4329917,0
415583625,12.3367398,45.436014,1
415583627,12.339175,45.4379515,1
415583628,12.3390893,45.4377842,1
2245184917,12.3207727,45.432668,0
2245184919,12.3213768,45.4310902,0
2245184920,12.3213159,45.4306899,0
8247397793,12.3138299,45.4323547,0
8247397799,12.3137722,45.4321033,0
8247397800,12.3138508,45.4321057,0
8247397801,12.3137365,45.4323455,0
8247397804,12.3138024,45.4321724,0
8247397805,12.3137255,45.4320579,0
4889267659,12.3176937,45.4334696,0
4889267660,12.3176798,45.4335543,0
3116781013,12.321257,45.445471,4
3116781015,12.3211811,45.4455007,4
3116781020,12.3213573,45.4456145,4
1521798625,12.3589222,45.4293164,5
3116781025,12.3213034,45.445671,4
4806036980,12.3264401,45.4350661,2
1521896970,12.3409846,45.4361265,1
9704689179,12.3581085,45.4358744,5
2249182812,12.3283283,45.4355415,2
2249182817,12.3283956,45.4362856,2
2249182819,12.3284814,45.4361726,2
2249182821,12.3287998,45.4358088,2
3586674305,12.3440864,45.4336457,1
3586674306,12.3442785,45.4336496,1
3586674308,12.3440893,45.4334925,1
1855245959,12.3263447,45.4408557,2
1855245962,12.3270795,45.4408121,2
1855245965,12.3258819,45.4411623,2
3586674318,12.3447625,45.4335295,1
3586674319,12.3451976,45.4334852,1
3586674321,12.3485415,45.4328989,5
3586674324,12.3484519,45.4329285,5
3586674320,12.3449821,45.433506,1
1913867922,12.3349139,45.4340664,1
1913867924,12.3355095,45.4340693,1
1913867931,12.3361178,45.4343168,1
1855245979,12.3260092,45.4407779,2
1913867933,12.3355311,45.4343788,1
1913867934,12.3356925,45.4344177,1
6902075043,12.3318303,45.4377905,2
1913867945,12.3355479,45.4351666,1
7292824033,12.3583655,45.4322628,5
7292824034,12.3582604,45.4324201,5
10088959674,12.3576659,45.4388938,1
10088959676,12.3575132,45.4389822,1
7292824035,12.3583136,45.4323404,5
10088959682,12.357707,45.4389165,1
7292824037,12.3582183,45.4322231,5
248565452,12.3268236,45.4362866,2
7292824043,12.3575422,45.4314558,5
10579267331,12.319522,45.4320869,0
1912917764,12.3369177,45.4340737,1
1912917766,12.3367063,45.4343013,1
4456894239,12.3376001,45.439491,1
4462399282,12.3369054,45.4389668,1
4462399286,12.337114,45.438971,1
6918066013,12.3114978,45.4355494,3
6918066017,12.311671,45.4355984,3
6918066018,12.31308,45.4388636,3
6918066020,12.3132074,45.4379834,3
6918066021,12.3134207,45.4379749,3
6918066022,12.313536,45.4379431,3
346181500,12.3352989,45.4350305,1
4803874684,12.3307938,45.4391335,2
4462399396,12.3363232,45.4390253,1
5122248630,12.3282193,45.4354778,2
10570878904,12.3400215,45.4359357,1
7963856838,12.3253464,45.4304165,0
8081919950,12.3402086,45.4372922,1
4462399441,12.3362103,45.4393861,1
3300927823,12.3557355,45.4353644,5
4462399463,12.3364255,45.4394747,1
4462399476,12.3362208,45.4398481,1
4462399480,12.3360762,45.4399328,1
4462399481,12.3361625,45.4399347,1
4462399483,12.3362869,45.4399574,1
4462399485,12.3362842,45.4399696,1
3586510849,12.3256754,45.4418962,2
3586510855,12.322791,45.4413553,4
3586510859,12.3221169,45.4410649,4
3586609181,12.331995,45.4284019,0
3586609182,12.3319134,45.4283922,0
29544506,12.3426147,45.4349381,1
4186886214,12.3129546,45.4404668,3
4186886216,12.3147467,45.4405527,3
5363716171,12.3522465,45.4328834,5
4186886222,12.3147415,45.4406707,3
1843712084,12.344504,45.4370164,1
4186886230,12.3145223,45.4408742,3
4186886229,12.3149265,45.4408739,3
4186886233,12.314706,45.4409637,3
4186886236,12.3148641,45.4410572,3
4186886237,12.3150284,45.4411609,3
5165731959,12.316873,45.4315761,0
5165731961,12.3176797,45.4321436,0
5165731962,12.317281,45.4315795,0
5165731963,12.3172663,45.4321412,0
8130449532,12.314107,45.4333613,0
8130449533,12.3141229,45.433339,0
8130449534,12.3144016,45.4334394,0
49533056,12.3284262,45.4463879,4
8130449535,12.3144069,45.4334136,0
49533060,12.3282253,45.4455716,4
5165731974,12.3168741,45.4315337,0
10006122637,12.3581793,45.4300474,5
5206003861,12.3191638,45.4474886,4
5206003862,12.3189053,45.4475787,4
5206003863,12.3190665,45.4475221,4
5206003864,12.3190303,45.4472925,4
5206003866,12.3210566,45.4468899,4
5206003865,12.3187707,45.4473833,4
5206003870,12.3208567,45.4470477,4
5206003871,12.3210869,45.4470104,4
3217936538,12.3153801,45.4416318,3
2407150338,12.3607482,45.4278845,5
10178856979,12.3598436,45.4285739,5
8046891175,12.3208967,45.4366844,2
8046891178,12.320853,45.436635,2
8046891183,12.3214462,45.4355706,0
2974990065,12.3272001,45.4454383,4
2407150340,12.3615089,45.4276458,5
10178856982,12.3597839,45.428347,5
2974990067,12.3261917,45.4460968,4
4404094949,12.3187648,45.4378279,3
2407150343,12.3601337,45.4284907,5
3549647040,12.3370373,45.434133,1
3549647041,12.3370194,45.4341497,1
5861134528,12.365375,45.4270787,5
4404094951,12.3184055,45.4376795,3
10578776260,12.3489625,45.4348232,5
10578776261,12.3489672,45.4347466,5
2974990072,12.3224152,45.4462817,4
2974990073,12.3254724,45.4462787,4
2974990074,12.3252509,45.4463348,4
2974990076,12.3249074,45.4464232,4
6025269485,12.336296,45.4394185,1
6025269487,12.3345592,45.4404602,1
6025269490,12.3345944,45.4404433,1
6025269493,12.3288609,45.442675,4
6025269495,12.3325618,45.4437525,4
6025269496,12.332663,45.4437158,4
6025269497,12.3326743,45.443726,4
1523601656,12.3143753,45.4334343,0
50155776,12.3572192,45.4307583,5
50155780,12.3578978,45.4309385,5
643584272,12.3226659,45.4414947,4
1668075795,12.3394434,45.4412918,1
2974990087,12.3250151,45.4467391,4
566317340,12.3182582,45.4448765,4
643584293,12.3211197,45.4452882,4
2974990089,12.3251205,45.4467718,4
1523601726,12.3152176,45.4335894,0
4471574854,12.3157321,45.4418314,3
2284966218,12.3571964,45.4334443,5
2284966220,12.3579607,45.4334615,5
2284966222,12.357923,45.4335639,5
2284966226,12.357898,45.4336544,5
4455518548,12.3385005,45.4395492,1
2284966231,12.3572089,45.4340878,5
2284966233,12.3576819,45.4342187,5
4455518560,12.3387377,45.4397196,1
2284966240,12.357079,45.4349483,5
4455518564,12.3387606,45.439736,1
4455518573,12.3385952,45.4398513,1
1915185873,12.3293345,45.4326849,1
4455518577,12.3385059,45.4399468,1
1915185875,12.3291532,45.4327994,1
1915185876,12.3296531,45.4328549,1
4809531937,12.3291704,45.445751,4
141054333,12.3420814,45.4365616,1
1937756544,12.3202513,45.446122,4
1937756549,12.3198171,45.4463653,4
1937756558,12.321206,45.4467552,4
4726182287,12.3207815,45.4400341,4
1937756561,12.3227273,45.4466116,4
1937756560,12.3210856,45.4466635,4
1937756564,12.3210374,45.446699,4
1915185882,12.3306032,45.4335064,1
3389313440,12.3274495,45.4359841,2
1937756578,12.3208225,45.4470747,4
565563811,12.322059,45.4409058,4
3389313441,12.3277949,45.4360151,2
1937756581,12.3204845,45.4471015,4
3389313443,12.327181,45.4361019,2
4455518629,12.3379244,45.440589,1
1937756586,12.3217232,45.44722,4
4809531939,12.3297384,45.4451821,4
4455518631,12.3384521,45.4406707,1
1937756592,12.3209257,45.4473697,4
3389313448,12.3264523,45.4364892,2
1937756594,12.3203038,45.4474809,4
4455518636,12.337752,45.4411517,1
565563829,12.3197683,45.4462802,4
3389313454,12.3270822,45.4370438,2
3389313458,12.3301483,45.4372493,2
3389313459,12.3303965,45.4372745,2
3389313462,12.3303086,45.4375793,2
3389313465,12.3299423,45.4376109,2
3389313466,12.3264129,45.4376198,2
3389313472,12.3302339,45.4377242,2
4809531940,12.3298627,45.4454787,4
5739472820,12.3235779,45.436344,2
3389313488,12.3285022,45.4385819,2
3389313489,12.3259593,45.4390828,2
3526762537,12.3214054,45.443648,4
3526762538,12.3216478,45.4436588,4
3389313493,12.3266153,45.4393776,2
3389313497,12.3284998,45.4394878,2
3389313496,12.3260898,45.439486,2
3389313508,12.3284325,45.439838,2
8047514084,12.3347634,45.4428194,1
1915146739,12.331314,45.4315257,1
3389313524,12.327794,45.4401216,2
1915146740,12.3303614,45.4315951,1
1915146742,12.3301533,45.4317789,1
8646676985,12.3225017,45.4390231,2
1915146748,12.3302042,45.4319193,1
1915146749,12.3313138,45.4319471,1
1915146750,12.3302989,45.432213,1
1915146753,12.3312826,45.4324934,1
1915146751,12.3315159,45.4323882,1
3389313541,12.3276559,45.4414338,2
3526762547,12.3217404,45.4437756,4
8352602380,12.3134874,45.439699,3
4845261327,12.3316375,45.4371519,2
8352602382,12.3133361,45.4397865,3
12725411793,12.3087457,45.4427358,3
3526762553,12.3215857,45.4438824,4
1921627164,12.35322,45.4319803,5
10753626680,12.3383384,45.4332014,1
10753626681,12.3384551,45.4329713,1
10753626682,12.3386083,45.4332645,1
10753626683,12.3387237,45.4330391,1
13851677256,12.3309571,45.4403782,2
10083553870,12.3438952,45.4409216,1
10083553872,12.3440074,45.4408917,1
10083553873,12.3438396,45.4406435,1
9779827281,12.3502853,45.4345132,5
10083553875,12.3438233,45.4403417,1
9779827284,12.3503423,45.4345061,5
9779827282,12.3503401,45.4344932,5
10083553881,12.3439885,45.4408638,1
10083553884,12.3436285,45.44096,1
10083553883,12.3437808,45.4402931,1
10083553887,12.3436935,45.4403768,1
10083553886,12.344192,45.4398537,1
1921627175,12.3536397,45.4320354,5
8122061417,12.3590433,45.4337297,5
8352602400,12.3143331,45.4398824,3
4841296494,12.3295586,45.4400391,2
8122061422,12.35909,45.433611,5
4493365876,12.3376187,45.4343112,1
2962870908,12.3384187,45.4325035,1
10005900651,12.3346358,45.432336,1
8002573408,12.3181973,45.4448751,4
8352602407,12.3145916,45.4396987,3
8352602412,12.3141812,45.4399941,3
6224562665,12.3575593,45.4318044,5
1833566360,12.3163434,45.4339816,0
10079458059,12.3428132,45.4406063,1
10079458060,12.3427804,45.4406134,1
10079458061,12.343181,45.4411208,1
10079458062,12.3433754,45.44141,1
10079458063,12.3431405,45.4410609,1
10079458065,12.3434254,45.440982,1
10079458066,12.3431493,45.4411312,1
10079458067,12.3431353,45.4405765,1
10079458069,12.342838,45.4406408,1
10079458070,12.3436509,45.440991,1
5183263524,12.3155374,45.4336682,0
5183263532,12.315501,45.4337749,0
4809249582,12.348586,45.4354755,1
4809249589,12.3488134,45.4353507,1
286839606,12.3422902,45.4363057,1
4809249592,12.3486171,45.4353818,1
4809544524,12.3262726,45.446343,4
2487898959,12.3177683,45.4440361,4
4809544528,12.328753,45.4454355,4
4809544530,12.3289725,45.44538,4
4809544533,12.3307924,45.4451963,4
10575106904,12.336662,45.4337292,1
4809544537,12.3314281,45.4447319,4
2487898991,12.3184048,45.4446539,4
4883691606,12.3236496,45.4387933,2
2487899002,12.3182709,45.444728,4
2487899004,12.3184833,45.4447362,4
2487899015,12.3183719,45.4448078,4
2487899032,12.3180272,45.4449982,4
2487899039,12.3180366,45.4450265,4
2487899040,12.3177804,45.4450271,4
2487899044,12.317354,45.4451169,4
4809544621,12.326355,45.4463282,4
13674763182,12.361693,45.4296418,5
13674763183,12.3616998,45.4297562,5
4809544629,12.3288564,45.4460401,4
4809544634,12.3321476,45.4451974,4
4809544635,12.3317588,45.4446338,4
4809544637,12.3326548,45.4447368,4
4809544638,12.3332606,45.4446531,4
4809544639,12.3327466,45.4441771,4
3273708502,12.3254315,45.4297096,0
10221731527,12.3589082,45.4292776,5
10592605147,12.3352779,45.431033,0
5600498650,12.3422177,45.4360887,1
10592605150,12.3350903,45.4310657,0
10221731530,12.3587388,45.4285005,5
49533932,12.3289124,45.4445612,4
6904828912,12.3319356,45.4381797,2
6904828913,12.3318882,45.4382297,2
6904828914,12.3319089,45.4381696,2
6904828915,12.3318794,45.4382,2
6904828916,12.3319042,45.4382128,2
10221731534,12.3585198,45.4288456,5
5373219846,12.3275643,45.4361101,2
10221731536,12.3590031,45.4284801,5
5373219859,12.3284132,45.4354653,2
5373219861,12.3283127,45.4354449,2
10221731539,12.3589029,45.4285014,5
5373219863,12.3283725,45.4354523,2
3528676391,12.3358526,45.437985,1
3528676394,12.3360121,45.4381221,1
6224562668,12.3575116,45.4317446,5
7902450753,12.3495139,45.4387428,1
7902450754,12.3495969,45.4387028,1
7902450759,12.329065,45.4429794,4
7902450760,12.3291178,45.4431066,4
7902450764,12.3367662,45.4321778,1
10579465325,12.3305411,45.43336,1
5643457643,12.3604976,45.4292333,5
4809544821,12.3328742,45.4446111,4
2249184381,12.3277438,45.4363459,2
5366273165,12.3338336,45.4398803,2
5366273166,12.3338648,45.4399188,2
8151133200,12.3434096,45.4372454,1
5149480145,12.3326169,45.4399203,2
5149480146,12.3321815,45.4401507,2
8636060915,12.3320078,45.4453997,4
13459245808,12.3139883,45.4393919,3
10575140113,12.339743,45.4333633,1
13459245810,12.3134937,45.4391423,3
1913836827,12.3341048,45.4342807,1
13459245812,12.3135759,45.4390614,3
13459245813,12.3134321,45.4389975,3
13459245814,12.3129592,45.4392301,3
10586936619,12.3412347,45.4350709,1
1913836844,12.3338765,45.4343104,1
10578908458,12.3459506,45.4399495,1
1913836846,12.334289,45.4343496,1
10578908460,12.3459412,45.4399397,1
1913836848,12.3360343,45.4344038,1
10586936625,12.3413245,45.434872,1
1913836852,12.3359658,45.4344847,1
13459245816,12.309688,45.439199,3
13459245817,12.3089071,45.4383098,3
1913836859,12.336699,45.434764,1
1913836862,12.3370604,45.4350164,1
1857148234,12.3325843,45.4393054,2
1857148236,12.3322936,45.439611,2
288445792,12.3353646,45.4336963,1
271683225,12.3328451,45.4413164,1
324457845,12.3238675,45.4423892,4
271683226,12.3328874,45.4412952,1
10017559934,12.3283509,45.4439246,4
10017559935,12.3282,45.444104,4
271683228,12.3326769,45.4414054,1
10579760517,12.3275985,45.4309565,0
13459245833,12.3104712,45.4398995,3
13459245834,12.3103519,45.4399265,3
13459245837,12.3097842,45.4394253,3
13459245840,12.3099308,45.4398431,3
8350553517,12.3152621,45.4392202,3
8350553518,12.3152126,45.4392326,3
8350553519,12.3151548,45.439247,3
8350553524,12.3157132,45.4402318,3
5206889911,12.3229077,45.4465741,4
8350553528,12.3158212,45.4401996,3
221992381,12.3364095,45.4338894,1
7934006723,12.3306349,45.4457795,4
7934006725,12.3306537,45.4459885,4
7934006726,12.3307493,45.4459368,4
7934006728,12.3309268,45.4461524,4
8350553549,12.3170456,45.4398285,3
4803417552,12.328656,45.4369224,2
4803417553,12.3289155,45.4370184,2
8350553553,12.3180838,45.4397923,3
8350553557,12.3165234,45.4399297,3
8350553559,12.3170592,45.439455,3
8350553564,12.3179844,45.438896,3
13459245850,12.3098426,45.4402512,3
1636849139,12.3390049,45.4395799,1
1636849140,12.3390057,45.4396758,1
5365749236,12.3288276,45.4313168,0
7694145013,12.3214746,45.4384967,2
4813215243,12.3226946,45.4395852,2
7872973506,12.3496338,45.4341267,5
4803909158,12.3296265,45.4367289,2
1627084329,12.3376974,45.4420236,1
13459245865,12.3087748,45.439801,3
13459245867,12.3090573,45.4398086,3
13459245868,12.3093597,45.4396634,3
12453795387,12.3397708,45.4342088,1
3818411583,12.356505,45.4384578,1
10001208897,12.3486701,45.4373021,1
10001208898,12.3485544,45.4373551,1
10001208900,12.3480931,45.4361638,1
12453795398,12.3490415,45.4328917,5
12453795400,12.3498584,45.4324242,5
7623429032,12.3628499,45.4278931,5
13459245878,12.309482,45.440488,3
4809545323,12.3347665,45.4428178,1
2383369836,12.3045007,45.4390353,3
2383369839,12.3046179,45.4391145,3
2383369845,12.3043784,45.4394574,3
2383369852,12.3059476,45.4411887,3
140727942,12.3494997,45.4379626,1
8039126692,12.3370094,45.4419944,1
13459245893,12.3135294,45.4376173,3
10005927609,12.3309339,45.4321831,1
10005927610,12.3309111,45.4321215,1
3469465276,12.3668373,45.425757,5
3469465274,12.3669359,45.4281503,5
3469465281,12.3666515,45.4272994,5
3469465282,12.3668701,45.4270519,5
3469465279,12.3665791,45.4275893,5
3469465284,12.3667619,45.4271744,5
1919932098,12.3377885,45.4345304,1
3469465286,12.3670307,45.4266612,5
3469465287,12.3668862,45.4268232,5
1919932100,12.3373672,45.4345569,1
1919932102,12.3375273,45.4346513,1
1919932104,12.3376345,45.4347126,1
1919932108,12.337268,45.4348426,1
3810580174,12.3322733,45.4376489,2
1919932121,12.3376886,45.4348829,1
2261833434,12.3220674,45.4456271,4
2261833436,12.3223472,45.4460368,4
1919932125,12.3380858,45.4350547,1
1919932127,12.3377386,45.4351182,1
10570553056,12.350066,45.4326178,5
1919932131,12.3368835,45.4351806,1
2261833444,12.3239198,45.4451069,4
1919932135,12.3378651,45.4351911,1
2261833448,12.3229129,45.4459157,4
1919932139,12.3380023,45.4352949,1
1919932141,12.3374788,45.4352928,1
1856296685,12.3486426,45.4340412,1
1919932143,12.3381971,45.4353114,1
1856296687,12.3482031,45.4346923,1
1919932153,12.3376017,45.4354361,1
1856296697,12.3484292,45.4371337,1
1856296699,12.3485107,45.4369716,1
1856296701,12.3484194,45.4341234,1
1856296703,12.3472487,45.4373485,1
6918065998,12.3088512,45.4330288,3
1919932163,12.3384395,45.4356491,1
1856296709,12.3482229,45.4343,1
1856296715,12.3473332,45.4369019,1
1856296718,12.3481601,45.4342216,1
1856296720,12.348606,45.4346727,1
1856296721,12.3480777,45.4341154,1
1856296722,12.3496486,45.4341849,5
1856296723,12.3476361,45.4343953,1
1856296725,12.3455858,45.4382433,1
1856296739,12.3482441,45.4346279,1
1856296743,12.3482923,45.4339573,1
6025762604,12.3355881,45.4383212,1
1856296751,12.3474605,45.436831,1
6025762608,12.3350904,45.4388207,2
6025762610,12.3349801,45.4387448,2
6025762611,12.3354037,45.4386745,2
6025762612,12.3270546,45.4367659,2
5691299639,12.3213048,45.4388149,2
6025762613,12.3268535,45.4368867,2
6025762614,12.3269693,45.4381239,2
6025762615,12.3271896,45.4376868,2
6025762616,12.3285557,45.4386298,2
1856296758,12.3485122,45.4348733,1
1856296761,12.3494184,45.4346233,5
194795328,12.3434368,45.4386415,1
4624275288,12.334015,45.4351952,1
5702899586,12.3325109,45.435476,1
5702899587,12.3323204,45.4353769,1
318527382,12.3212234,45.4417545,4
31119294,12.3455616,45.4357725,1
4803418048,12.3286118,45.4371433,2
1856788428,12.3316401,45.4402922,2
1856788432,12.3309516,45.4413407,2
1856788433,12.3313252,45.4409693,2
271996887,12.3360975,45.4378434,1
1856788446,12.3308658,45.4411572,2
1856788455,12.3333771,45.439383,2
271996905,12.3362578,45.4379801,1
4818622449,12.328316,45.4305542,0
1856788466,12.3337269,45.4393797,2
4818622450,12.3297882,45.4304088,0
4818622452,12.3296906,45.4302868,0
4818622451,12.330546,45.4301565,0
4818622453,12.3304628,45.4300164,0
4818622454,12.3296107,45.4301843,0
4818622456,12.3293996,45.429884,0
4818622457,12.3302241,45.4296323,0
4818622458,12.3292482,45.4296342,0
4818622459,12.3300725,45.429396,0
1856788476,12.3305141,45.4408572,2
4818622460,12.3290612,45.4293529,0
1856788480,12.3302109,45.4411016,2
4818622467,12.3286641,45.4295578,0
4818622469,12.3288757,45.4295814,0
4818622470,12.3290363,45.429535,0
1856788487,12.331794,45.4404656,2
4818622471,12.3287546,45.4297543,0
4818622473,12.3291244,45.4306054,0
1856788490,12.3337288,45.4394277,2
4818622474,12.3287152,45.4307497,0
4818622472,12.3284832,45.4298306,0
1856788505,12.331265,45.4409195,2
1856788515,12.3321933,45.4408817,2
1856788519,12.3312212,45.4397749,2
1856788521,12.3319128,45.4393045,2
1856788524,12.330609,45.4415145,2
1856788529,12.3311096,45.4405411,2
9779421550,12.3129978,45.4404632,3
1856788534,12.331451,45.4400571,2
194795605,12.3433057,45.4383626,1
9956808790,12.3654004,45.4270833,5
7950784609,12.3367287,45.4347417,1
4404140131,12.3179566,45.4375619,3
7950784610,12.3368188,45.4347931,1
5365848162,12.3304283,45.4347733,1
194795622,12.3433996,45.4381538,1
9779421564,12.3130968,45.4403776,3
2486087017,12.3365046,45.4402456,1
8047515785,12.3348122,45.4428654,1
8047515786,12.3347518,45.4428072,1
8047515787,12.3334691,45.442229,1
2250299530,12.3582372,45.4326612,5
2250299533,12.3581486,45.4326726,5
2486087023,12.3370521,45.4406154,1
1763006629,12.3350389,45.4419662,1
1763006639,12.3364888,45.4443911,1
1763006640,12.3363259,45.444446,1
2250299572,12.36021,45.4329632,5
10579171513,12.3159358,45.4321716,0
2250299583,12.3611572,45.4332503,5
8765462722,12.3638099,45.4252298,5
2250299594,12.3611969,45.4335944,5
4849424578,12.3240834,45.4331863,0
7897364430,12.3188655,45.4314999,0
10579171525,12.3158803,45.4327352,0
8765462729,12.3636404,45.4259146,5
2250299602,12.3610847,45.4336672,5
7897364433,12.3190375,45.431411,0
2250299628,12.3614298,45.4339092,5
9979123955,12.3317123,45.4329439,1
5202565368,12.3188452,45.4472093,4
5202565369,12.3186821,45.4472677,4
5202565373,12.3188559,45.4472248,4
5202565374,12.3190359,45.4471479,4
5202565375,12.3191479,45.4476371,4
5202565376,12.3189553,45.4471823,4
5202565377,12.3192431,45.4476051,4
6215715580,12.3553934,45.4343111,5
6215715581,12.3548497,45.4342684,5
1499912526,12.3273336,45.429023,0
4793588048,12.3237997,45.4373364,2
31119731,12.3451688,45.4356694,1
10221869434,12.3579833,45.4294671,5
317675916,12.3198354,45.4392029,4
31119758,12.3451106,45.4351856,1
257382846,12.336423,45.4406589,1
10570848714,12.3430169,45.4359449,1
8812616142,12.3362626,45.431026,0
10570848719,12.3428029,45.4359713,1
10570848721,12.342857,45.4359818,1
11639085548,12.3172292,45.4391453,3
11639085552,12.3172491,45.4389994,3
10167025072,12.3085327,45.4427512,3
1522227716,12.3307911,45.4304275,0
2281451958,12.3563766,45.4331711,5
5842295353,12.3240831,45.4310909,0
5842295354,12.3243936,45.4310257,0
5842295355,12.3244993,45.4312242,0
8142707260,12.3320945,45.4331624,1
5842295357,12.3237207,45.4313765,0
8142707268,12.3318838,45.4330385,1
957110873,12.3517978,45.4339618,5
11947815742,12.3139963,45.4330982,0
957110884,12.3523413,45.4314701,5
957110887,12.3517493,45.4335962,5
1739807337,12.3333643,45.44415,4
957110891,12.3574709,45.4356719,5
1739807340,12.3334979,45.4443275,4
957110893,12.3528096,45.4312549,5
957110905,12.352324,45.434521,5
957110908,12.352471,45.4314267,5
957110909,12.3589655,45.4360183,5
957110921,12.3539323,45.433717,5
13186751115,12.3145755,45.4348766,3
13186751118,12.3136626,45.4344291,3
3208010394,12.3460662,45.4361439,1
3208010395,12.3460708,45.4364927,1
957110941,12.3540929,45.4342683,5
957110953,12.3516845,45.4331823,5
957110964,12.3524635,45.431648,5
957110974,12.3527251,45.4315589,5
4834712272,12.3286672,45.438462,2
4834712273,12.3283111,45.4382204,2
3308313316,12.3378683,45.4421828,1
2974723557,12.3186257,45.4468924,4
1858198255,12.3273123,45.4383194,2
1793612528,12.3368886,45.4365362,1
1858198260,12.3251804,45.440211,2
2974723560,12.3217345,45.447257,4
1858198265,12.3268561,45.4383368,2
1858198275,12.3271322,45.4385873,2
4849720071,12.3178819,45.432496,0
1522326280,12.3212604,45.4402071,4
2974723563,12.3197673,45.4474281,4
13186763752,12.3206507,45.4383785,2
1918851861,12.3329169,45.4338655,1
1858198293,12.3272207,45.4384556,2
1858198296,12.3292678,45.4387365,2
1858198295,12.3246432,45.4398885,2
2974723566,12.3200773,45.4475196,4
1918851875,12.3334011,45.4345701,1
2974723569,12.3196439,45.4476967,4
2974723570,12.3198982,45.4477033,4
2974723571,12.3201494,45.447712,4
8254219064,12.3161981,45.4324904,0
1918851892,12.3331668,45.4350291,1
1918851895,12.3315513,45.4351297,1
412441405,12.338453,45.4382084,1
8254219067,12.3161667,45.4328645,0
1918851911,12.3311438,45.4355587,1
412441418,12.3353236,45.4433587,1
412441419,12.3356206,45.4432114,1
4811152231,12.3264383,45.4468476,4
4471839603,12.3102391,45.4420191,3
4471839606,12.3124862,45.4408079,3
4471839607,12.3124225,45.4408253,3
4471839608,12.312352,45.4408391,3
4471839609,12.3123352,45.4408785,3
7737367424,12.3224341,45.4401123,2
1918851969,12.3339311,45.4365539,1
4471839618,12.3128338,45.4407809,3
4471839619,12.3128888,45.4407443,3
4471839621,12.3129867,45.4406774,3
4843789198,12.3318311,45.4375113,2
4843789201,12.331971,45.4373198,2
8141298589,12.3276936,45.4317098,0
2488163269,12.3210337,45.4440205,4
1855450135,12.3236986,45.4401711,2
7819418592,12.3158864,45.4382234,3
7819418593,12.3159135,45.4381338,3
7819418594,12.316039,45.4380833,3
7819418596,12.3160088,45.4380784,3
7819418597,12.3161677,45.4381044,3
7819418598,12.316045,45.4379602,3
7819418599,12.3160759,45.4379652,3
13780540396,12.3312138,45.4386908,2
5842328556,12.3253301,45.4321853,0
5842328553,12.3247147,45.4320566,0
7819418601,12.3158073,45.4382195,3
13506665478,12.3261981,45.4448398,4
6918059752,12.3093503,45.4328535,3
6918059757,12.3093859,45.4328142,3
6918059758,12.3089504,45.4324688,3
6918059759,12.3097535,45.4328747,3
1935858806,12.3547552,45.4303138,5
5178350729,12.3157048,45.4327848,0
5178350730,12.3156918,45.4328231,0
5178350731,12.3159205,45.4328651,0
5178350732,12.3154052,45.4331648,0
5178350735,12.3154559,45.4334709,0
5178350734,12.3153734,45.4336242,0
5178350739,12.3155763,45.4336794,0
1935858836,12.3567915,45.431496,5
1935858834,12.3571838,45.4312352,5
1935858838,12.3571651,45.431512,5
3203882137,12.3340737,45.4337512,1
1935858841,12.3567716,45.4318289,5
12553953871,12.3088489,45.4420658,3
5178350749,12.3163708,45.433808,0
3203882142,12.3313423,45.434293,1
1935858851,12.3549957,45.4319486,5
251223204,12.3344386,45.4384582,2
5178350755,12.3155385,45.433297,0
5178350757,12.3162375,45.433748,0
5178350756,12.3156028,45.4333109,0
1935858853,12.3567535,45.4321691,5
1921508953,12.3587993,45.4311628,5
1935858868,12.3567324,45.4324869,5
1935858877,12.3575492,45.4327875,5
13069409471,12.3407686,45.4336073,1
13069409472,12.3375369,45.4336775,1
1935858885,12.3574406,45.4330315,5
1935858887,12.3568459,45.4330741,5
1935858892,12.3572407,45.4333106,5
1935858895,12.3550315,45.4337695,5
1935858897,12.3571623,45.4335545,5
1935858909,12.3586538,45.4344124,5
6918059783,12.3092796,45.4333573,3
1935858914,12.3594741,45.4346687,5
1935858922,12.3590438,45.4348239,5
1935858924,12.359229,45.4349509,5
1935858925,12.3592022,45.4349778,5
5365652726,12.3204717,45.4361836,2
10587036927,12.3408732,45.4342176,1
10574748928,12.3384341,45.4337813,1
10574748932,12.3384946,45.433707,1
10574748933,12.3376762,45.4334805,1
7884365061,12.3201041,45.4467086,4
10574748940,12.3393353,45.4341054,1
7884365064,12.3199683,45.4465383,4
7884365065,12.3198806,45.4465744,4
7884365074,12.3242906,45.4465708,4
7884365075,12.3243304,45.4466584,4
7884365076,12.325592,45.4471583,4
5863557059,12.3620471,45.4284572,5
5863557061,12.3620095,45.4284319,5
5863557063,12.3619854,45.4284441,5
5863557066,12.3619635,45.4284179,5
3522321726,12.3261194,45.4436865,4
10221739353,12.3598135,45.4285759,5
10221739355,12.3597719,45.4281499,5
10221739356,12.3597667,45.4283489,5
10221739358,12.3597742,45.4281647,5
1853381985,12.3285974,45.4309438,0
247848292,12.3331786,45.4300942,0
1853381996,12.3290385,45.4307549,0
1853381998,12.3289641,45.4294136,0
1853382000,12.3291814,45.4307189,0
1853382002,12.3286716,45.4310481,0
3284659552,12.3400405,45.4407602,1
3522321788,12.3259869,45.4439482,4
8039098278,12.3369393,45.441831,1
8039098280,12.3364417,45.4414908,1
602496421,12.3209065,45.4307569,0
5403270567,12.3363255,45.4345663,1
3522321830,12.3261462,45.4442439,4
566320561,12.3336959,45.4414266,1
566320565,12.3333807,45.4421323,1
3586743749,12.3199468,45.4463014,4
566320588,12.3339243,45.442009,1
1765170637,12.3327934,45.441581,1
566320607,12.3338272,45.4420501,1
566320638,12.3333947,45.4412898,1
566320649,12.3349404,45.4417687,1
8821300756,12.3241729,45.4314297,0
566320662,12.3348677,45.4418086,1
31317529,12.3414921,45.442129,1
31317530,12.3410755,45.4423233,1
31317531,12.3409054,45.4424027,1
31317532,12.3403938,45.4425777,1
5145091614,12.329666,45.4408666,2
31317533,12.3400432,45.4426613,1
31317534,12.3395095,45.4427523,1
5145091617,12.3290247,45.4405376,2
5145091618,12.3289681,45.4405704,2
7958748706,12.3216204,45.4385392,2
49536546,12.3232382,45.4420099,4
49536543,12.3203625,45.4428505,4
13459217961,12.3122432,45.4398296,3
13459217960,12.3114555,45.4400497,3
13459217968,12.3128321,45.4395847,3
13459217971,12.3120009,45.4396072,3
13459217975,12.3124324,45.4400789,3
13459217973,12.3122006,45.4398473,3
13459217972,12.3121055,45.4397313,3
13459217982,12.3140106,45.4395097,3
5619375687,12.3297588,45.4403004,2
5619375688,12.329507,45.4404421,2
1867374155,12.3299681,45.4286178,0
271343182,12.3323825,45.4349764,1
8797824467,12.3164603,45.4324762,0
13459218000,12.3133292,45.4392195,3
1851468115,12.3183195,45.4377016,3
7139647085,12.321129,45.4466115,4
7139647086,12.3212005,45.4465976,4
7139647087,12.3210267,45.447664,4
7139647088,12.3212705,45.4476214,4
12111568499,12.3311596,45.4369357,2
31317624,12.3381255,45.4423791,1
31317626,12.339704,45.4420548,1
31317629,12.3401433,45.4417029,1
31317630,12.3405723,45.4425225,1
31317633,12.3415668,45.4419936,1
31317634,12.3419325,45.4418215,1
31317635,12.3421012,45.4417316,1
31317636,12.3422986,45.4416211,1
31317637,12.3410806,45.4405079,1
31317640,12.3421721,45.4421257,1
3284033173,12.3337409,45.4419401,1
3284033183,12.3333692,45.4426416,4
271343265,12.3326196,45.4350944,1
271343267,12.3338828,45.4361554,1
271343269,12.3335759,45.4358757,1
271343271,12.3336357,45.4356426,1
315645616,12.3382546,45.4415763,1
315645617,12.3384826,45.4420023,1
1879269060,12.3348876,45.4350174,1
271343300,12.3330118,45.4355219,1
1879269068,12.3307471,45.4331882,1
31317709,12.338869,45.4381246,1
31317710,12.3393864,45.4379891,1
31317711,12.3397007,45.4378979,1
3284033225,12.3321747,45.4433489,4
271343321,12.3327343,45.435306,1
282975970,12.3350113,45.4381594,2
282975977,12.3349238,45.4387213,2
31317743,12.3402995,45.4389361,1
49569534,12.3363833,45.4380804,1
6893199102,12.3317573,45.4377789,2
7942627074,12.3491739,45.4356187,1
7942627075,12.3490568,45.4356911,1
245128972,12.3366288,45.4380393,1
10586939162,12.3412038,45.4352354,1
10586939164,12.3414335,45.4352645,1
1332436783,12.3285085,45.4439629,4
764403528,12.3356054,45.4381284,1
49536908,12.3246873,45.444251,4
31317902,12.3393194,45.4363059,1
31317903,12.3400028,45.4366559,1
31317912,12.3368996,45.4367835,1
31317913,12.337356,45.4366655,1
31317915,12.337734,45.4362828,1
31317919,12.3394723,45.4352056,1
31317920,12.3401065,45.4353345,1
31317924,12.3388668,45.4358009,1
8151133198,12.3434668,45.4374428,1
3689766829,12.3216047,45.4376314,2
12725411766,12.3089835,45.4427907,3
12725411778,12.3085259,45.4427076,3
12725411781,12.3086871,45.4427623,3
12725411782,12.3087614,45.4426073,3
31317960,12.3364942,45.4336976,1
10579763153,12.3262111,45.4307,0
31317976,12.3360292,45.4358518,1
10221739994,12.3599217,45.4287987,5
10221739997,12.360045,45.4288806,5
10221739999,12.3599102,45.4288966,5
10221740002,12.3600549,45.4294421,5
10221740011,12.3598832,45.4296648,5
10221740016,12.3598826,45.4286737,5
31318035,12.3371189,45.4372151,1
31318043,12.3382524,45.434927,1
2850086943,12.3264033,45.4426524,4
2850086949,12.3266915,45.4433282,4
31318054,12.3362011,45.4342158,1
27353128,12.315239,45.4417527,3
571269167,12.3367771,45.4414055,1
2123929706,12.3048992,45.4399726,3
14031228310,12.3110984,45.4396153,3
3302973538,12.3466925,45.4353861,1
14031228311,12.3111883,45.4395757,3
6224699514,12.3582584,45.4318431,5
6224699515,12.3582837,45.4318493,5
5709258882,12.3315963,45.4341598,1
5709258884,12.3314222,45.4343356,1
5709258885,12.3322918,45.4340644,1
5709258886,12.3321032,45.4346291,1
5709258890,12.3322651,45.4344908,1
5709258892,12.3316665,45.4341531,1
5709258893,12.3320735,45.4338416,1
5709258894,12.3324782,45.4343778,1
1715921039,12.3385563,45.4384198,1
1854431375,12.3240222,45.4361952,2
1854431378,12.3230966,45.436523,2
2961006745,12.3353911,45.4374409,1
1854431389,12.3272989,45.4351138,2
1854431391,12.3250884,45.4360014,2
1854431398,12.3239444,45.4362169,2
1854431400,12.3270927,45.435486,2
5149188269,12.3235641,45.4387301,2
5149188270,12.32375,45.4387562,2
4887521861,12.3184358,45.4350504,0
10221740221,12.3596482,45.4289289,5
10221740223,12.3598801,45.4296459,5
10221740229,12.3599761,45.428993,5
10221740231,12.3599166,45.4287799,5
9828163788,12.3221091,45.4354114,2
4871512269,12.3245143,45.4395715,2
9828163790,12.3221675,45.4355552,2
9828163796,12.322085,45.4348606,0
9828163798,12.3220309,45.4347793,0
9828163799,12.322053,45.4348257,0
9828163801,12.3223102,45.4346889,0
9828163802,12.3223391,45.434679,0
9828163803,12.3223947,45.4348291,0
7905370337,12.3622758,45.4261332,5
7905370338,12.3619254,45.4262624,5
7905370340,12.362297,45.4261604,5
10588807423,12.3620729,45.4294154,5
7962616070,12.3358268,45.4427342,1
5476868378,12.3200131,45.4348735,0
12747432232,12.3262275,45.4334676,2
12747432240,12.3223554,45.4335437,0
1521794829,12.3586212,45.4287942,5
5127889222,12.3257677,45.4357268,2
4889272672,12.3171308,45.4327791,0
1779327330,12.3361753,45.4379098,1
2249187685,12.3328306,45.4371761,2
8544412023,12.3591514,45.4337663,5
1933500823,12.3215205,45.4467668,4
1933500824,12.3212496,45.4468188,4
1933500825,12.321118,45.4468414,4
1933500830,12.3203369,45.4471916,4
1933500831,12.3202267,45.4472605,4
1749017015,12.3408831,45.4410016,1
1749017016,12.3387445,45.441079,1
1749017017,12.3338352,45.4412385,1
1749017018,12.338939,45.4412376,1
3050496439,12.3621307,45.4271759,5
1749017020,12.3390245,45.4416132,1
3392463327,12.3323943,45.4377249,2
3392463328,12.3323536,45.4377827,2
3392463329,12.3322207,45.4378754,2
3392463331,12.3329917,45.4383522,2
3392463333,12.3328916,45.4384289,2
3392463336,12.3346073,45.4384964,2
3392463339,12.3251805,45.4385292,2
3392463341,12.3245145,45.4386875,2
8080712171,12.3651441,45.4270314,5
3392463346,12.3265899,45.4389259,2
3392463349,12.3253043,45.4389841,2
3392463372,12.3255338,45.4391578,2
3392463385,12.3197769,45.4392358,4
3392463389,12.3252659,45.4393319,2
3392463397,12.3265287,45.4393955,2
3392463396,12.3200666,45.43939,4
31121965,12.3368697,45.4340532,1
3392463405,12.3269447,45.4394482,2
3392463408,12.3200287,45.4394721,4
3284659546,12.339973,45.4405858,1
3392463416,12.332215,45.4395363,2
3392463420,12.3319141,45.4395597,2
3392463426,12.3267795,45.4396475,2
3392463427,12.3203375,45.4396322,4
3392463429,12.3256106,45.4396379,2
3392463440,12.3318561,45.4396656,2
3392463443,12.3259488,45.4397278,2
2249155158,12.3335803,45.4396155,2
2249155161,12.3334786,45.4396504,2
8811831900,12.3216803,45.4431279,4
3392463456,12.3265813,45.4397589,2
3392463459,12.3303132,45.4397835,2
3392463460,12.3205052,45.439784,4
1997038182,12.3211917,45.4451787,4
7819418600,12.3158977,45.4383063,3
4915618424,12.3322052,45.4453189,4
3392463483,12.3201802,45.4399612,4
8544445086,12.3588784,45.4304725,5
12666705406,12.3062458,45.4362755,3
12666705407,12.3057298,45.4358736,3
9379177139,12.3312334,45.4323506,1
9379177140,12.3310316,45.4323915,1
10582844089,12.3319449,45.4431838,4
10582844091,12.3320876,45.4430335,4
10582844092,12.3319566,45.4429757,4
10582844093,12.3320745,45.4430473,4
12666705413,12.3062034,45.4344429,3
4913455828,12.3341904,45.4336259,1
12666705420,12.3059922,45.434415,3
4803420943,12.3287167,45.4368533,2
4803420944,12.3289548,45.4369405,2
4821476123,12.3354601,45.4387168,2
4821476125,12.3352977,45.4389635,2
4487602975,12.3392745,45.4352944,1
12666705431,12.3054474,45.4347509,3
4821476138,12.3342658,45.4396832,2
4487602988,12.3390184,45.435421,1
4452475695,12.3394666,45.4413734,1
8254219058,12.3158884,45.4323612,0
8254219062,12.31613,45.4327039,0
12666705435,12.3060472,45.4342639,3
8254219063,12.3160479,45.4328135,0
4487602999,12.3392201,45.43552,1
7965958976,12.3265466,45.4320012,0
4915618625,12.3321147,45.4453568,4
31318854,12.3568579,45.4306654,5
4487603015,12.3396953,45.4355803,1
4452475721,12.3395477,45.4416905,1
4487603022,12.3388333,45.4356101,1
4452475729,12.3399378,45.4417423,1
4452475730,12.3398569,45.4418585,1
4452475732,12.3397952,45.4418694,1
4452475733,12.3397637,45.4418749,1
4452475736,12.340013,45.4419066,1
4487603037,12.3386788,45.4356902,1
4452475743,12.3400528,45.4419974,1
4452475745,12.3398984,45.4420218,1
4487603042,12.3394625,45.4356989,1
4487603058,12.339415,45.4357421,1
4452475762,12.3399585,45.442237,1
4624278389,12.3342854,45.4352546,1
4624278393,12.3346083,45.4353254,1
4624278394,12.3339261,45.4353558,1
4452475772,12.3400248,45.4424339,1
4624278397,12.3344932,45.4355218,1
4487603073,12.3396004,45.4357861,1
27452289,12.3191637,45.4463555,4
1777145999,12.3114244,45.433596,3
1777146000,12.3113477,45.4336373,3
4624278425,12.3341324,45.435754,1
4624278426,12.3342187,45.435757,1
1795744685,12.3374888,45.436895,1
1795744686,12.3375692,45.4371895,1
1795744687,12.3376151,45.4373282,1
1795744688,12.337784,45.4378707,1
5208761282,12.362273,45.4266645,5
1918821315,12.3290236,45.4336843,1
5208761283,12.3622355,45.4269268,5
5208761284,12.3622606,45.4267511,5
1918821319,12.3292885,45.433743,1
1918821320,12.3283155,45.4337434,1
1918821321,12.3289514,45.4337865,1
1918821322,12.328829,45.4339053,1
1918821323,12.3275965,45.4339092,1
1918821325,12.3282331,45.4339478,1
1918821326,12.329791,45.4339406,1
1918821327,12.3291594,45.4339406,1
1918821337,12.3275776,45.4340135,1
1918821347,12.3286965,45.4340852,1
12776629230,12.3307396,45.431572,1
1918821361,12.3287096,45.4342022,1
1918821366,12.3301439,45.4347811,1
10571375637,12.3350825,45.4438469,4
138339349,12.3180134,45.4367243,3
13186720801,12.3049593,45.4400427,3
1521869864,12.3348664,45.4351575,1
13186720808,12.3024932,45.4391491,3
8115479600,12.3280009,45.4371794,2
8115479601,12.3280231,45.4371528,2
8115479602,12.327968,45.4371629,2
8115479603,12.3279897,45.437137,2
8115479604,12.3280318,45.4371949,2
8115479605,12.3280534,45.4371676,2
13186720817,12.3041132,45.4401324,3
13186720823,12.3037968,45.4399615,3
13186720821,12.3031489,45.4392008,3
4471704476,12.3056574,45.4406299,3
13186720826,12.3038947,45.4399222,3
13186720832,12.3033522,45.4401564,3
13186720833,12.3030409,45.4402894,3
364864589,12.3408024,45.4400228,1
364864590,12.3407186,45.4398684,1
5844256717,12.3239418,45.4326661,0
1852466272,12.3181875,45.4325139,0
10221708385,12.3578494,45.4287417,5
10221708387,12.3573377,45.4287614,5
10221708388,12.3576016,45.4290309,5
1852466273,12.3187914,45.4319666,0
1852466274,12.317382,45.4324335,0
10221708391,12.3575291,45.4284924,5
10221708392,12.3580678,45.428712,5
10221708393,12.3581395,45.4284089,5
10221708395,12.3582698,45.4286619,5
5476312175,12.3114028,45.4314141,0
5476312176,12.3101926,45.4319221,0
1852466280,12.3182849,45.4319131,0
1852466288,12.3166314,45.4322549,0
5476312178,12.3102769,45.4320227,0
5476312177,12.3114066,45.4315734,0
1852466297,12.3170965,45.4325693,0
1852466299,12.3170096,45.4330859,0
1852597405,12.3254697,45.433337,2
3327462412,12.3128927,45.4403784,3
1852597409,12.3251903,45.4336139,2
7992239270,12.3264561,45.4328258,0
7992239271,12.3265786,45.4325221,0
8919999658,12.3557896,45.4304441,5
1852597421,12.3247022,45.4343745,2
8919999662,12.3556627,45.4304141,5
8919999664,12.355732,45.4305756,5
8919999661,12.3556754,45.4303956,5
1852597433,12.3247514,45.4338418,2
1637115066,12.338704,45.4392712,1
1696523453,12.3398,45.4384538,1
7513662666,12.3369171,45.4308568,0
7513662667,12.3369939,45.4309709,0
7513662668,12.3370138,45.4309049,0
7513662670,12.3368901,45.4309821,0
7513662671,12.3369032,45.4309196,0
7513662672,12.3370043,45.4309336,0
3179406589,12.3333564,45.4363852,1
7908910350,12.3358383,45.4427291,1
50128165,12.3345863,45.4394945,2
13504465655,12.3362838,45.4311213,0
4809254223,12.348453,45.4355813,1
4809254225,12.3485287,45.4354979,1
4161922387,12.3276101,45.4468804,4
4161922388,12.3275089,45.446678,4
6918059771,12.3093467,45.4329001,3
1851712892,12.319831,45.4364573,3
5186381198,12.3202173,45.4346615,0
5186381199,12.3204762,45.4347905,0
2960024976,12.3355201,45.4390782,2
3371984279,12.3258752,45.4398456,2
1935858826,12.3568147,45.4311412,5
3371984290,12.3253256,45.4400013,2
11395818952,12.3593445,45.4277197,5
11395818953,12.3593514,45.4278312,5
6026225099,12.3346584,45.4349188,1
11395818968,12.3538644,45.4306655,5
2715379168,12.3383247,45.432462,1
7965664753,12.3380325,45.4367659,1
61083112,12.3230221,45.4347311,2
1935858849,12.3571452,45.4318416,5
2456675851,12.3651088,45.4269487,5
4906149399,12.3339438,45.4387028,2
1935858854,12.3571271,45.4321818,5
5362280001,12.3565332,45.4325767,5
1857250889,12.3305532,45.440006,2
5207975503,12.3244251,45.4449352,4
1857250899,12.3299432,45.4403893,2
1857250901,12.3296477,45.4405514,2
4820657749,12.3298346,45.4343971,1
1921508952,12.3586474,45.431122,5
1921508950,12.357561,45.4308462,5
1921508951,12.35828,45.4310358,5
1921508954,12.3555119,45.4314922,5
1921508957,12.3555394,45.4322056,5
1921508958,12.3588546,45.4316606,5
4821280356,12.3288135,45.4295981,0
4821280357,12.3263129,45.4293311,0
9410668155,12.3132438,45.4326188,0
9410668156,12.3131781,45.4326159,0
9410668157,12.3129855,45.4326075,0
9410668158,12.3128545,45.4326017,0
9410668159,12.3127399,45.4325967,0
9410668160,12.3126646,45.4325934,0
9410668162,12.3122469,45.4325537,0
9410668163,12.311972,45.4324903,0
9410668161,12.3124444,45.4325762,0
1843619458,12.3305994,45.4447994,4
1843619459,12.3308492,45.4448873,4
1843619460,12.3306586,45.4449313,4
1843619463,12.3310838,45.4452606,4
5146961558,12.3335583,45.4377119,2
566322838,12.3366149,45.4445943,1
6025930401,12.3485774,45.4353643,1
6025930404,12.3483994,45.4354094,1
566322850,12.3343555,45.4426019,1
1864853155,12.3372747,45.432373,1
1864853157,12.3382318,45.4327518,1
6025930409,12.3486913,45.4362676,1
6025930410,12.3483339,45.4360662,1
6025930411,12.3484163,45.4359768,1
6025930412,12.348486,45.4360165,1
6025930413,12.3484209,45.4361006,1
6025930416,12.3490586,45.4354697,1
1864853165,12.3360844,45.4328168,1
566322861,12.3364974,45.4440082,1
6025930418,12.3499633,45.4343253,5
6025930419,12.3465856,45.434636,1
1864853172,12.3363536,45.4332629,1
6025930421,12.3468665,45.4346325,1
6025930422,12.3468652,45.4348283,1
6025930423,12.3463979,45.4346384,1
6025930420,12.3465836,45.4348236,1
6025930426,12.3301675,45.4325968,1
6025930427,12.3303878,45.4325476,1
6025930429,12.3299437,45.4326482,1
8811341499,12.3237283,45.4423101,4
8811341502,12.3247546,45.4424247,4
1864853188,12.3364905,45.4329033,1
566322887,12.3371855,45.4449048,1
1864853194,12.3378385,45.432634,1
1864853196,12.336624,45.4333025,1
1864853212,12.3408879,45.4361453,1
1864853214,12.3377287,45.4328678,1
566322918,12.3368696,45.4442704,1
1864853251,12.3388036,45.4331961,1
1864853254,12.3414246,45.4343493,1
27223839,12.3503212,45.4345699,5
10214303530,12.3082215,45.4427697,3
1864853292,12.3399753,45.4356411,1
12747433773,12.3400044,45.4336174,1
12747433774,12.340028,45.4336231,1
12747433775,12.3371931,45.4335778,1
12747433776,12.3371862,45.4335917,1
1864853297,12.3386738,45.4363058,1
3123061866,12.3217476,45.4436671,4
1932060481,12.3235103,45.4458582,4
1932060495,12.3232355,45.4463345,4
1864853331,12.3407487,45.4347219,1
1932060499,12.3226563,45.4464791,4
1932060501,12.3213947,45.4465496,4
1864853341,12.3383506,45.4361463,1
1932060523,12.3233835,45.4466403,4
1932060528,12.3250636,45.4473347,4
1932060529,12.3252537,45.4476055,4
1651795833,12.3397576,45.4392789,1
12887408105,12.3148144,45.4402496,3
1864853375,12.3382051,45.4329081,1
1864853378,12.3378773,45.4325726,1
12887408106,12.3150056,45.4401583,3
12887408107,12.3151162,45.4400677,3
3296683916,12.3407858,45.4365416,1
3296683918,12.3408903,45.4365708,1
3296683919,12.3409417,45.4365845,1
4857882509,12.3276508,45.4362291,2
1864853393,12.3358743,45.4349417,1
4857882510,12.327176,45.4364555,2
1864853399,12.3406746,45.4349575,1
5739472791,12.3234086,45.4363799,2
5739472790,12.3232813,45.436448,2
5739472792,12.3215006,45.4390236,2
1937762202,12.3278667,45.4474386,4
13411806830,12.3227001,45.4435589,4
1937762209,12.3285268,45.4479179,4
5739472802,12.323469,45.4367681,2
1937762211,12.3282164,45.4480086,4
3296683936,12.3406439,45.4372009,1
1864853408,12.336765,45.4334195,1
5739472812,12.32358,45.4366373,2
1937762221,12.3286933,45.4481877,4
1864722349,12.3317191,45.4377341,2
1864722351,12.3301615,45.4365718,2
5865185825,12.361274,45.4292251,5
5865185826,12.3612685,45.4291529,5
5865185827,12.361258,45.4290143,5
5865185828,12.3611092,45.4290202,5
5865185829,12.3611113,45.4290606,5
2261837774,12.326904,45.4426262,4
1864722384,12.3305882,45.4371884,2
2261837778,12.3267781,45.4437131,4
2261837777,12.3266487,45.4433369,4
5865185831,12.3612609,45.4290519,5
1864722390,12.3314919,45.4380031,2
5865185830,12.3611026,45.4289725,5
5865185832,12.3615327,45.4290443,5
5363460066,12.3584139,45.4310666,5
257648614,12.3352654,45.4357347,1
13356066791,12.316997,45.4457016,4
5865185835,12.3614097,45.4293362,5
13356066794,12.3169817,45.445686,4
7916578795,12.3637183,45.4286456,5
7916578796,12.3637568,45.4286931,5
7916578797,12.3631253,45.4286901,5
7916578799,12.3632407,45.4288304,5
7916578800,12.3632593,45.4286919,5
7916578801,12.3632315,45.429024,5
7916578803,12.3632518,45.428748,5
7916578804,12.3643396,45.4287276,5
7916578805,12.363289,45.4287473,5
2974990064,12.3268394,45.4453622,4
3371984894,12.3258446,45.4400641,2
3371984904,12.3278591,45.4402399,2
3282429962,12.3337024,45.4450276,4
3371984910,12.3274115,45.4403489,2
3371984911,12.3272202,45.4403824,2
3371984917,12.3241488,45.4405022,2
3327486002,12.3102164,45.4401651,3
5692778549,12.331669,45.4328225,1
5692778550,12.3313833,45.4327837,1
3327486008,12.310836,45.4402325,3
5372700746,12.3224636,45.4405065,2
3327486040,12.3115997,45.4403936,3
3586451556,12.3331833,45.4368955,2
167307381,12.3271864,45.4451878,4
7161112705,12.3391209,45.4369944,1
3392463421,12.3202908,45.4395904,4
2245191816,12.3241645,45.4367936,2
2245191819,12.3252877,45.4363049,2
14031518631,12.3568179,45.429027,5
5373749413,12.3581401,45.4330212,5
13463120048,12.3143189,45.4391854,3
13463120050,12.3111646,45.4318689,0
13463120051,12.3106362,45.4324392,0
13463120056,12.3106762,45.4323873,0
13463120067,12.3107405,45.4325479,0
13463120069,12.3109822,45.4323432,0
13463120071,12.3119405,45.4315375,0
13463120072,12.3119514,45.4313833,0
13463120073,12.3116296,45.4313757,0
13463120074,12.3121946,45.4313983,0
8062232799,12.321124,45.4432017,4
244443381,12.336443,45.4399799,1
10221906202,12.3577536,45.4286571,5
10221906204,12.3581741,45.4295617,5
10221906207,12.3577288,45.4286787,5
10221906208,12.3581471,45.4287508,5
10221906206,12.3582471,45.4286887,5
10221906210,12.3584062,45.4293734,5
10221906213,12.3582746,45.4297389,5
10221906214,12.3574374,45.4289367,5
10221906215,12.3583186,45.4296351,5
10221906216,12.3581851,45.429721,5
1854138674,12.3129929,45.4323155,0
8553916724,12.3560331,45.430294,5
1854138677,12.3127545,45.4323084,0
1854138676,12.3124518,45.4322995,0
1854138679,12.3127599,45.4330116,0
1854138685,12.3120395,45.4329912,0
1854138687,12.3163949,45.4313818,0
1854138690,12.3123009,45.4329931,0
5739473228,12.3234407,45.4357271,2
10214664517,12.3134516,45.4388847,3
13186722127,12.311474,45.4333444,3
13186722128,12.3115695,45.433412,3
10214664534,12.3132062,45.4393891,3
10214664537,12.3128106,45.4398031,3
10214664540,12.3127784,45.4402583,3
10214664542,12.3129219,45.4398271,3
10214664543,12.3128575,45.4402571,3
5739473239,12.3254397,45.436182,2
10214664546,12.3119482,45.440152,3
10214664547,12.3122893,45.4400034,3
10214664558,12.3126914,45.4393086,3
10108266854,12.3503616,45.4378678,1
10214664562,12.3125646,45.4393612,3
7621962101,12.3613621,45.427413,5
7621962100,12.3612329,45.4272208,5
10214664565,12.3130007,45.4395145,3
10214664564,12.3128981,45.4394067,3
293398914,12.3337595,45.4418246,1
14031518640,12.3569728,45.42837,5
293398918,12.3336654,45.4418653,1
2974738826,12.3229303,45.446191,4
2974738831,12.3226022,45.4463781,4
14031518641,12.3569053,45.428321,5
141027758,12.3495786,45.4380774,1
141027759,12.349609,45.4382811,1
9128012217,12.3531224,45.4322603,5
9128012218,12.3534541,45.4323018,5
2244536766,12.3324348,45.4407216,2
9128012219,12.3536951,45.432332,5
2244536769,12.3315903,45.4402106,2
2244536770,12.3317805,45.4401228,2
9128012220,12.3555207,45.4324873,5
12453767642,12.3188471,45.4342353,0
3301272023,12.356668,45.4333776,5
3301272034,12.3571764,45.4339247,5
14031518644,12.3572971,45.428112,5
4793592300,12.3230295,45.4391371,2
4793592301,12.3224666,45.4396132,2
3301272049,12.357271,45.4346841,5
12725367420,12.3084404,45.4376758,3
5214562830,12.3537283,45.4316847,5
5214562831,12.3538412,45.4316961,5
5214562832,12.3536099,45.4316727,5
5214562836,12.3533605,45.4312258,5
5214562837,12.3535127,45.4311498,5
10586974758,12.340862,45.4353828,1
5214562856,12.357424,45.4297954,5
5214562858,12.3573293,45.429572,5
5214562859,12.357889,45.4299505,5
5214562860,12.3580007,45.4297929,5
5214562864,12.3578131,45.4297291,5
13957261876,12.3378716,45.4353461,1
13957261877,12.3379906,45.4355091,1
5214562872,12.3586588,45.4303974,5
5214562874,12.3584797,45.4309336,5
5214562877,12.3586086,45.4310096,5
4817545810,12.3240528,45.4362849,2
4817545812,12.3243758,45.4366585,2
2507139673,12.3487409,45.4371762,1
2507139675,12.3486028,45.437239,1
2507139678,12.3496423,45.4378592,1
4818622455,12.3299976,45.4300497,0
13737224853,12.305508,45.4404571,3
13737224855,12.3059981,45.4402468,3
5178452639,12.3164843,45.4336557,0
4629883552,12.3491256,45.4361577,1
8589269190,12.3208566,45.443272,4
5178452643,12.316737,45.4337175,0
5178452655,12.3153447,45.4336178,0
5178452656,12.3152834,45.4337223,0
5360970423,12.3327547,45.441966,1
4818622462,12.3299203,45.4291461,0
1915185857,12.3299446,45.4320149,1
1915185859,12.3285115,45.4321644,1
1915185862,12.3282966,45.4323131,1
1915185863,12.3290991,45.4324148,1
4818622466,12.3287598,45.4293076,0
1915185869,12.3298406,45.4325301,1
1915185872,12.3293609,45.4326688,1
8134060754,12.3261792,45.4327977,0
8134060755,12.3262086,45.432689,0
1915185874,12.3292617,45.4327235,1
2349198044,12.3058963,45.4354963,3
1915185880,12.3297717,45.4331975,1
1915185885,12.3339486,45.4338447,1
1915185886,12.3339187,45.4339085,1
7916546784,12.3284426,45.446776,4
2349198052,12.3112451,45.4396384,3
2349198056,12.3103208,45.4391382,3
2349198059,12.3107709,45.4400139,3
2349198063,12.3102857,45.4339597,3
4493372144,12.3398038,45.4349768,1
2349198069,12.3066195,45.4352161,3
2349198075,12.3112074,45.4395972,3
2349198077,12.3115441,45.4355108,3
12162296576,12.3186898,45.4378519,3
5214759686,12.3489651,45.4369446,1
4603702027,12.3335003,45.4321689,1
5364804368,12.3376389,45.4360861,1
3586674327,12.3485985,45.432847,5
9217895195,12.3352447,45.4392991,2
4603702046,12.3349414,45.4329151,1
4603702051,12.3353468,45.4330223,1
2349198119,12.3101646,45.4335489,3
4456442664,12.3383302,45.4390102,1
4603702057,12.3357688,45.4330778,1
2349198127,12.3116268,45.4356279,3
2349198129,12.3100306,45.4390541,3
2349198131,12.3105975,45.4397984,3
2349198133,12.3095873,45.4328341,3
1628433225,12.3398042,45.4388298,1
1628433229,12.3398764,45.4388258,1
5396917077,12.3350895,45.443703,4
12725367489,12.3082211,45.4377847,3
8571841387,12.3355044,45.4333755,1
9439079313,12.3171981,45.444884,4
9439079312,12.3165362,45.4452633,4
8065379222,12.3343768,45.4299116,0
8065379223,12.3342493,45.4298915,0
8065379224,12.3341308,45.4295634,0
8065379225,12.3343319,45.4302173,0
8065379226,12.3343264,45.4303521,0
8012589982,12.3168024,45.4394086,3
8012589984,12.3169924,45.4392867,3
4456442792,12.338014,45.4393267,1
4456442797,12.3379968,45.4393332,1
4456442801,12.3380846,45.4393482,1
12725367506,12.3063965,45.4353673,3
4456442807,12.3380491,45.4393708,1
10834013129,12.3463931,45.4347914,1
10834013131,12.3467222,45.4347299,1
10834013132,12.346463,45.4345285,1
10834013133,12.3467444,45.4344449,1
10834013134,12.346584,45.4347841,1
2256006090,12.3503099,45.4380853,1
4202326999,12.3390428,45.4438936,1
10582846433,12.3323714,45.4460887,4
10582846438,12.332467,45.4463113,4
11842448381,12.3163128,45.4383401,3
12725414911,12.3113843,45.4421153,3
1855450138,12.3252028,45.4395088,2
1855450146,12.3235662,45.4403018,2
1855450156,12.3248973,45.4407585,2
1851649071,12.3231088,45.4351096,2
1855450164,12.3256022,45.4392619,2
10877365315,12.3300519,45.4364128,2
1855450184,12.3248229,45.4397474,2
10293406801,12.3609662,45.4259332,5
1855450196,12.3246088,45.4409135,2
1855450203,12.3254918,45.4397228,2
1855450207,12.3254618,45.4397701,2
5865185824,12.3612419,45.4288004,5
12725367546,12.3079957,45.4377985,3
1851649156,12.32149,45.4338823,0
13770124425,12.3333042,45.4384771,2
1855450249,12.3260361,45.4395468,2
10005933198,12.3582401,45.4299599,5
8037395648,12.3224793,45.4390891,2
8037395651,12.3226406,45.4393811,2
8037395653,12.3227261,45.4393902,2
4493372701,12.3372944,45.4340147,1
4493372705,12.3374916,45.4340995,1
1844145442,12.3566228,45.4297158,5
1863773476,12.3345612,45.4389899,2
4161924390,12.3273721,45.4467214,4
315813160,12.3330806,45.4385982,2
4493372713,12.3376909,45.4341852,1
4493372714,12.3374184,45.4341861,1
6218444072,12.3547462,45.4303559,5
6218444074,12.3547876,45.430272,5
5215874351,12.3588507,45.4341784,5
1844145459,12.3507226,45.4319601,5
4906151223,12.3340682,45.4388716,2
4906151224,12.3343343,45.4387608,2
315813176,12.3332555,45.438493,2
4857883964,12.3290068,45.436842,2
4493372733,12.3378891,45.43427,1
4857883965,12.3290181,45.4368147,2
4471844165,12.3077909,45.4430593,3
4493372744,12.3379955,45.4343149,1
4471844164,12.3080172,45.4427812,3
4493372752,12.3373789,45.4343479,1
4493372755,12.3377995,45.4343761,1
1858170200,12.3275346,45.4406858,2
3284659544,12.3401397,45.4404914,1
12438039912,12.316926,45.4386987,3
12438039913,12.3178687,45.4381736,3
1858170233,12.3271994,45.4407329,2
12438039931,12.3178403,45.4381882,3
12438039932,12.3170901,45.438848,3
12438039933,12.3169725,45.438741,3
12438039934,12.3178826,45.4382272,3
1858170239,12.3278928,45.4408884,2
1858170245,12.3289233,45.4404639,2
1858170247,12.3278027,45.4406191,2
1858170252,12.3291195,45.4406012,2
1858170257,12.3298983,45.4412434,2
1858170262,12.3273431,45.4411372,2
174026135,12.3270833,45.4379337,2
1858170271,12.3277143,45.440643,2
1858170275,12.3273268,45.4410354,2
1858170286,12.3297912,45.4412937,2
1858170294,12.3295945,45.4412654,2
1858170299,12.3291922,45.4406698,2
1858170302,12.3292572,45.4406332,2
1858170307,12.3279087,45.4405862,2
4493372901,12.3386362,45.4347519,1
5725220377,12.3355478,45.4349469,1
3165800105,12.3285603,45.4435558,4
8845913642,12.3350063,45.4357987,1
5725220397,12.3351527,45.43502,1
5725220396,12.3351497,45.4350864,1
4803882542,12.3280922,45.4371856,2
5725220400,12.3351352,45.4350187,1
4803882543,12.3279053,45.437438,2
5725220403,12.3345568,45.4347767,1
5725220404,12.334535,45.4348825,1
5725220405,12.3346402,45.434914,1
10571050563,12.3526351,45.4320214,5
10571050567,12.3527317,45.4318377,5
10571050569,12.3526569,45.4322021,5
10571050572,12.3526849,45.4320261,5
562720335,12.3083387,45.4420386,3
13411806820,12.3229697,45.4435414,4
13411806823,12.3229151,45.443692,4
2958494416,12.3294682,45.4486263,4
222031465,12.3384574,45.4381262,1
13411806824,12.3229625,45.4435358,4
4793626223,12.3273237,45.4366056,2
6628142714,12.3285432,45.43996,2
13186690684,12.3046697,45.4399976,3
13186690688,12.3043279,45.4399629,3
8765462719,12.3638312,45.4252629,5
13186690700,12.3048288,45.4400972,3
5163150991,12.3168238,45.4342342,0
1365274256,12.3255445,45.4471762,4
5643464337,12.3236542,45.4387428,2
5163150999,12.3167885,45.4341904,0
5163150998,12.3170259,45.4337324,0
5163150997,12.316825,45.434053,0
5163151002,12.3166058,45.4345077,0
5163151001,12.3166467,45.4344854,0
5163151000,12.3164985,45.4344516,0
5163151005,12.3169057,45.4339243,0
5163151006,12.3169759,45.4339375,0
5163151007,12.3169729,45.4338171,0
5163151013,12.3166311,45.4342734,0
5163151014,12.3167272,45.4342919,0
8765462727,12.3635157,45.4265466,5
8765462728,12.3636514,45.4259156,5
7285632721,12.3428886,45.4367382,1
8602250968,12.3316033,45.442361,4
12060946143,12.3236597,45.445841,4
12060946144,12.3237868,45.4460699,4
8602250980,12.3323137,45.4421726,1
3634425577,12.306818,45.4351717,3
3634425580,12.3052658,45.4345796,3
1840377593,12.3270951,45.4376761,2
2486348679,12.3210873,45.4437418,4
1331457820,12.3151203,45.439042,3
1840377630,12.33232,45.4390966,2
2486348685,12.3211668,45.4439014,4
2256006948,12.3495542,45.4383926,1
2486348687,12.3218646,45.4439316,4
13893351094,12.3182693,45.4367781,3
13893351095,12.3182023,45.436968,3
1840377677,12.3307477,45.4386775,2
13893351096,12.3177658,45.4371679,3
13893351097,12.3180584,45.4372865,3
1840377696,12.3326602,45.4381968,2
1840377701,12.3290381,45.4366068,2
5823557481,12.3346256,45.4368492,1
5823557482,12.3346915,45.4368792,1
5823557484,12.3348798,45.4369648,1
5823557483,12.3348218,45.4369385,1
179007350,12.3370546,45.4449764,1
5822672763,12.3160889,45.4388238,3
8762814339,12.3281015,45.431436,0
1840377748,12.3318216,45.4376371,2
1840377749,12.3326428,45.438211,2
1843720088,12.3134049,45.4330352,0
1843720089,12.3135523,45.4323348,0
8871440294,12.3267634,45.4391005,2
8871440295,12.3268248,45.4389051,2
7874932649,12.3301143,45.4347258,1
7874932650,12.3301418,45.4347305,1
10856034252,12.3353701,45.4324881,1
10856034253,12.3354657,45.4325351,1
10856034254,12.3355048,45.4324329,1
1840377812,12.3314638,45.4364563,2
10827722725,12.3150394,45.4390232,3
1840377833,12.3334138,45.4401382,2
1840377843,12.3333174,45.4376567,2
1840377851,12.3328895,45.4395869,2
10827722749,12.3114585,45.4335672,3
10827722750,12.3134485,45.4355056,3
1840377864,12.3329217,45.4379352,2
2486348733,12.3196633,45.4451053,4
1840377872,12.327252,45.4372757,2
1840377888,12.3328895,45.437923,2
10214633510,12.3143971,45.4386814,3
10214633511,12.3147977,45.4392765,3
10214633513,12.3153884,45.4400284,3
10214633514,12.3151749,45.4397231,3
10214633515,12.3149389,45.4392272,3
1840377910,12.3313806,45.4385585,2
5379485752,12.3313438,45.4349814,1
1840377913,12.3312676,45.4385795,2
9844060214,12.3211209,45.4416574,4
1840377916,12.3316305,45.4381686,2
1840377932,12.3312261,45.4391616,2
1840377936,12.3314682,45.4385172,2
5216563287,12.3487899,45.4342945,5
5216563288,12.3490087,45.434301,5
1840377959,12.3284997,45.437449,2
3177979061,12.3276312,45.4426326,4
31092851,12.3381245,45.444395,1
3177979063,12.3270625,45.4426472,4
10079760514,12.3446942,45.4402789,1
1997205643,12.3263839,45.429475,0
3177979068,12.3261562,45.4428398,4
3634426006,12.3050458,45.4343136,3
3634426009,12.3058092,45.4339893,3
1840378025,12.3313148,45.4369811,2
7303950505,12.3276831,45.441961,2
5691299640,12.3212813,45.4388087,2
10083594427,12.3437622,45.4412139,1
10083594426,12.3437989,45.4412473,1
1840378053,12.333909,45.4372222,2
4849660104,12.3330891,45.4394735,2
4849660106,12.333219,45.4396236,2
1840378059,12.3318872,45.4381618,2
4849660109,12.333303,45.4395735,2
4849660110,12.3333543,45.4396347,2
1840378064,12.3281282,45.4372052,2
3177979083,12.3273297,45.4432758,4
1840378080,12.3326788,45.4393822,2
1844015323,12.3565398,45.4324758,5
1844015337,12.3594373,45.4327608,5
1857908970,12.3342491,45.4302077,0
3177979086,12.3277148,45.4433498,4
1844015338,12.3609319,45.4333586,5
10611355887,12.3374832,45.4328088,1
10611355888,12.337493,45.4328111,1
10611355889,12.3377199,45.4324988,1
31125745,12.3425724,45.4360308,1
1853452531,12.3336057,45.4301585,0
3177979088,12.326661,45.4433673,4
1853452537,12.3335655,45.4306152,0
1844015346,12.3604682,45.4331433,5
1853452543,12.3325603,45.4307024,0
1840378114,12.3322673,45.4382957,2
1853452547,12.333665,45.4307595,0
1857908996,12.3346807,45.4293632,0
1857908995,12.3342669,45.4305844,0
1840378118,12.3328056,45.4380625,2
1840378121,12.3313141,45.4383529,2
1853452560,12.3328616,45.4291628,0
1844015376,12.359255,45.4343764,5
1844015378,12.3613017,45.4336461,5
1853452564,12.3326665,45.4306977,0
1844015374,12.3592217,45.4330227,5
4843794704,12.3320125,45.4375021,2
10578948370,12.3382726,45.4375355,1
10578948371,12.3382566,45.4375052,1
10578948372,12.3383057,45.4375985,1
10578948373,12.3384049,45.4375739,1
10578948374,12.3383105,45.4376401,1
4843794711,12.3322385,45.4368336,2
5372700768,12.3224345,45.4406285,2
3177979097,12.3263354,45.4434446,4
4821479722,12.3356854,45.438572,2
4821479724,12.3355744,45.4388101,2
1853452586,12.3331283,45.4306879,0
4821479726,12.3349348,45.4387132,2
1853452594,12.3327339,45.4300259,0
3177979100,12.329544,45.4434821,4
4821479732,12.3260772,45.435938,2
4821479733,12.3261059,45.4359726,2
5372700772,12.3229258,45.4409178,2
1853452601,12.3334206,45.4306136,0
3177979102,12.327596,45.4435079,4
3177979103,12.3275581,45.443512,4
317887115,12.3116172,45.4331549,0
1853452621,12.3334131,45.4306978,0
4157206865,12.3258616,45.4470231,4
5360651927,12.3381675,45.4328529,1
1754198382,12.3339234,45.4413343,1
7900000623,12.3339331,45.4327857,1
8559849847,12.3362033,45.4346469,1
1522266489,12.3207507,45.4355222,0
4793627003,12.3272269,45.4365091,2
4793627004,12.3269383,45.4366538,2
3177979117,12.3253832,45.4439091,4
10218238354,12.3153768,45.4400118,3
1755935145,12.3357647,45.4414276,1
1755935146,12.3359681,45.4414418,1
3177979124,12.3258672,45.4442704,4
3177979126,12.3254643,45.4442075,4
13310620088,12.308244,45.4426437,3
1996943807,12.3391012,45.4438609,1
10083791302,12.3186624,45.438626,3
10083791301,12.3185879,45.4385201,3
10083791303,12.318603,45.4385376,3
2407150339,12.3611741,45.4280188,5
13094384092,12.3390551,45.4327675,1
13094384093,12.3386889,45.4328927,1
1920433281,12.3465844,45.4373148,1
1920433282,12.3464106,45.4373339,1
3818411590,12.3563866,45.4379937,1
3818411592,12.3561839,45.4376402,1
2261840419,12.3289929,45.4430002,4
2261840424,12.3274059,45.4435048,4
4821480021,12.3353662,45.4390114,2
31060617,12.330094,45.4344898,1
8125313681,12.3156243,45.4334892,0
8125313682,12.3156402,45.4334662,0
1832350356,12.3253805,45.4436032,4
1832350360,12.3251778,45.4437292,4
8077243055,12.3575289,45.4328384,5
8077243060,12.3567106,45.434075,5
1832350435,12.3238546,45.4443809,4
1832350445,12.3240775,45.4445499,4
1832350450,12.3216754,45.4450242,4
13674509052,12.3635341,45.4252442,5
13674509057,12.3627616,45.428561,5
1832350476,12.3224202,45.4451289,4
2178085648,12.3499149,45.4368106,1
1832350478,12.3218387,45.4452806,4
1832350493,12.3208738,45.44567,4
11510608680,12.3283017,45.4355259,2
11510608681,12.3282598,45.4355015,2
3118496943,12.314531,45.4313578,0
5149979474,12.3287961,45.439263,2
1832350555,12.3185014,45.4469459,4
4835256835,12.3586817,45.4344448,5
12666696549,12.3069734,45.4367983,3
3165582195,12.3273577,45.4376095,2
4843991924,12.3294602,45.4386752,2
12666696577,12.3057273,45.4353999,3
3165800104,12.3287404,45.4435308,4
13780579202,12.3312661,45.4379761,2
13780579205,12.331091,45.4381436,2
3165800106,12.3290664,45.4436683,4
3165800108,12.3287964,45.4437141,4
12666696600,12.30606,45.4362483,3
2486203301,12.3354117,45.4415121,1
3165800112,12.3177519,45.4456505,4
3165800114,12.3187598,45.446514,4
8084255671,12.3276885,45.4415874,2
2486203337,12.3359546,45.4421205,1
1854796752,12.3129063,45.433017,0
2486203344,12.3357652,45.4422008,1
141030353,12.3459916,45.4385397,1
1854796755,12.3128925,45.4332338,0
242414544,12.3275827,45.4457438,4
242414545,12.3276992,45.4463201,4
2249389014,12.3362141,45.434653,1
2249389017,12.3361578,45.4346121,1
2486203355,12.3321061,45.4428335,4
2486203357,12.3320373,45.4429016,4
2486203359,12.3304335,45.4429827,4
8114992108,12.3604453,45.4286507,5
8114992109,12.3607876,45.4286119,5
8114992110,12.3607601,45.4284924,5
8114992111,12.3604174,45.4285296,5
8114992112,12.3606279,45.4286888,5
8114992113,12.3606159,45.4286314,5
8114992114,12.3603382,45.4285996,5
8114992115,12.3604312,45.4285895,5
8114992116,12.3605817,45.4285118,5
2486203386,12.3315432,45.4432276,4
2486203392,12.3307758,45.4432684,4
2486203393,12.3316434,45.4432696,4
2482369538,12.3212652,45.4434657,4
2482369544,12.3214933,45.4437643,4
2482369548,12.3210679,45.4439829,4
2486203410,12.3305991,45.4435058,4
2486203413,12.3300809,45.4436577,4
31061014,12.345176,45.4347165,1
2486203414,12.329975,45.4437123,4
10221909021,12.3575904,45.4292451,5
10221909023,12.3578019,45.4293698,5
10221909022,12.3574983,45.4288828,5
10221909018,12.3575607,45.4290074,5
10221909024,12.3580757,45.4283747,5
10221909019,12.3584696,45.42947,5
2486203438,12.3293089,45.4439191,4
10221909020,12.3582537,45.4297882,5
2482369587,12.3228655,45.4444448,4
7984247862,12.3288242,45.431438,0
2482369566,12.3231094,45.4441803,4
4977488953,12.3355324,45.4380687,1
2486203450,12.3299834,45.4449916,4
4977488959,12.3352004,45.4385333,2
672494655,12.3184152,45.4383982,3
4984599622,12.325026,45.4354347,2
165508188,12.3336161,45.4381919,2
4847858807,12.3265059,45.4386386,2
165508226,12.3309263,45.4406401,2
3636819081,12.3110907,45.4402716,3
676820107,12.3415709,45.4368701,1
3636819084,12.311138,45.4401322,3
1937765539,12.330002,45.4459486,4
1937765544,12.3305637,45.4466054,4
1937765547,12.3310066,45.4473535,4
676820144,12.3459599,45.4378182,1
4878955710,12.3572867,45.4290662,5
8794315160,12.3487534,45.4353227,1
289338575,12.337275,45.4380178,1
3163911386,12.3284366,45.4332015,1
3163911387,12.3286134,45.4332588,1
1920433311,12.344743,45.4385086,1
1765405921,12.3411475,45.4397579,1
1765405922,12.3414954,45.440405,1
1765405923,12.3416004,45.4405939,1
1765405924,12.3412595,45.4415435,1
1765405925,12.3365066,45.4415765,1
1765405926,12.3365635,45.4416544,1
1765405927,12.3367082,45.4418875,1
1765405929,12.3372575,45.4421755,1
5163152637,12.3190911,45.4344713,0
4473943295,12.3052635,45.441058,3
4473943296,12.3053613,45.4411656,3
4473943298,12.3056146,45.4412887,3
4473943299,12.3057801,45.4412255,3
8046900486,12.3213738,45.4355181,0
4473943301,12.3058853,45.4412254,3
1920433313,12.3448217,45.4388233,1
49542428,12.3203809,45.447718,4
49542461,12.3210542,45.4477489,4
31235299,12.3355173,45.4363895,1
8078430862,12.345461,45.4385919,1
1637545326,12.337858,45.4401015,1
10956895602,12.3316248,45.4375243,2
10956895603,12.3314751,45.4374259,2
10956895604,12.3313694,45.4373783,2
4841665952,12.3297062,45.4401718,2
10005902759,12.3345047,45.4323552,1
49542569,12.3261667,45.4461028,4
411727274,12.3239671,45.4470127,4
3930912166,12.3175206,45.437711,3
4360271281,12.3510549,45.434746,5
4360271283,12.3509437,45.4341265,5
411727284,12.3386562,45.4350872,1
4360271284,12.3511962,45.4350671,5
49542587,12.3266573,45.4459779,4
49542591,12.3269233,45.446854,4
411727304,12.3393786,45.4353337,1
411727307,12.3393365,45.4356156,1
411727321,12.3393332,45.4353902,1
3307416600,12.3263281,45.4436941,4
2956162529,12.3298668,45.4451476,4
411727359,12.3419674,45.4377371,1
411727360,12.3418873,45.4380213,1
411727361,12.3416448,45.4376326,1
411727363,12.3414275,45.4375346,1
8178857489,12.3307442,45.4371889,2
8178857490,12.3307558,45.4371402,2
8178857493,12.3305687,45.4372124,2
8178857494,12.33057,45.4371885,2
8178857495,12.3304563,45.437211,2
8178857496,12.330455,45.4371892,2
8178857497,12.3304913,45.4372114,2
8178857498,12.3304904,45.437189,2
8178857499,12.3305289,45.4372119,2
8571647516,12.3620981,45.4293398,5
8178857500,12.3305298,45.4371887,2
8178857501,12.3306147,45.437213,2
8178857502,12.3306149,45.4371889,2
8178857503,12.3306554,45.4372135,2
8178857504,12.3306554,45.4371899,2
8178857505,12.3306996,45.4372141,2
8178857506,12.3306997,45.4371909,2
27358761,12.339337,45.4397798,1
27358759,12.3406254,45.439692,1
4838949797,12.3174344,45.4450691,4
248116829,12.3397707,45.4368822,1
3831166557,12.306816,45.4434411,3
4838949799,12.3176549,45.4441363,4
288421481,12.3370692,45.4407712,1
3831166568,12.3071455,45.4432698,3
4724368450,12.3087789,45.4427208,3
1855616638,12.3283057,45.4365246,2
1855616641,12.3275383,45.4372514,2
1855616642,12.3264027,45.4382881,2
5360645772,12.3273783,45.4398087,2
1855616657,12.3286366,45.4366959,2
1855616666,12.3264475,45.4380692,2
1855616668,12.3277985,45.4370574,2
13720745652,12.3298866,45.4415539,2
13720745655,12.329769,45.4413042,2
5152077500,12.3314844,45.4385277,2
4793628358,12.3270322,45.4366081,2
4793628359,12.3266222,45.4366668,2
248116953,12.3394316,45.436966,1
11630802670,12.3087648,45.4423075,3
5853655386,12.310857,45.4400238,3
5143361286,12.3230981,45.4386577,2
5143361287,12.3231194,45.4386247,2
5143361288,12.3229942,45.4386239,2
5143361289,12.3230149,45.4385923,2
12747433772,12.3406133,45.443013,1
4827051800,12.3319748,45.4305482,0
4827051801,12.3319297,45.4303515,0
4805490474,12.3296959,45.4401622,2
1777146003,12.3114966,45.43355,3
3443243099,12.3274113,45.4292254,0
31061921,12.3336941,45.4436118,4
31061924,12.3345564,45.4427717,1
31061925,12.3340734,45.4423233,1
165574574,12.3334662,45.4385833,2
14031228320,12.3131799,45.4380411,3
5670125451,12.3317615,45.4381446,2
1701672883,12.3388751,45.4381381,1
1853421493,12.3288054,45.4298647,0
1853421494,12.3288765,45.4292793,0
1856305084,12.346358,45.4342576,1
1853421503,12.3300175,45.4308981,0
248117185,12.3393157,45.4368923,1
165574594,12.3346786,45.4394129,2
1853421505,12.3286328,45.4294892,0
5670125455,12.3325999,45.4386692,2
1853421508,12.3285771,45.429352,0
1856305090,12.3474748,45.4345397,1
1856305095,12.347679,45.4342933,1
5363941263,12.3442477,45.4370095,1
1853421512,12.3312172,45.4302946,0
1853421516,12.3329654,45.4285646,0
1853421518,12.3306231,45.4297212,0
1856305107,12.3465141,45.4342326,1
1862236129,12.3350177,45.432964,1
11873581029,12.3665169,45.4288763,5
1853421548,12.3309889,45.4303048,0
1853421550,12.330324,45.4296056,0
10595956732,12.320418,45.4430014,4
1862236157,12.3339274,45.4349498,1
10595956733,12.3203527,45.443027,4
2407004162,12.3635264,45.4267003,5
1862236163,12.3326276,45.4346816,1
3327476426,12.3122065,45.4403513,3
2407004175,12.3631159,45.42869,5
2407004179,12.362784,45.4286637,5
1862236190,12.331875,45.4327857,1
4793595942,12.3226945,45.4394172,2
4793595943,12.3225572,45.4393253,2
1862236215,12.3345256,45.4328821,1
3398707962,12.3189155,45.4372551,3
1862236225,12.3348537,45.4333726,1
1862236237,12.335023,45.4334224,1
1862236251,12.3322108,45.435119,1
1862236252,12.3326065,45.4324913,1
1862236255,12.3313198,45.4325927,1
1862236257,12.3274171,45.4358023,2
8063219803,12.3320764,45.429158,0
1862236259,12.3335759,45.43249,1
1862236261,12.3344222,45.4332366,1
8063219820,12.3307188,45.4300059,0
8063219821,12.330536,45.4300248,0
1862236271,12.3332873,45.4345012,1
1862236272,12.3334294,45.4343886,1
10580359283,12.3223363,45.4335354,0
257456249,12.3495152,45.4381201,1
3327476450,12.3120708,45.4405639,3
1862236296,12.3319007,45.4359428,1
1862236297,12.3328546,45.435223,1
13806237835,12.3212097,45.4372788,2
1862236300,12.3322082,45.4355163,1
1862236301,12.327259,45.4356368,2
13806237834,12.3216176,45.4372318,2
3327476455,12.3118821,45.4403212,3
4442519710,12.34506,45.4378945,1
4442519714,12.3456797,45.4379797,1
5545785509,12.324144,45.4461234,4
5545785511,12.3236114,45.4462775,4
1862236331,12.3324096,45.4352746,1
1862236341,12.3336017,45.4321729,1
1862236344,12.3323189,45.4350326,1
4442519741,12.3451525,45.4382197,1
5365987522,12.340656,45.4365129,1
2514483400,12.3243608,45.4401255,2
4442519753,12.3451767,45.4382978,1
4442519752,12.3452472,45.4382854,1
4442519763,12.3452739,45.438438,1
5215877338,12.3609993,45.4336304,5
1862236378,12.3330575,45.4350904,1
1862236379,12.3319718,45.4353889,1
1856239836,12.3498175,45.4340097,5
1756297435,12.3112451,45.4335556,3
5128845537,12.3333572,45.4373778,2
4442519779,12.345265,45.4385718,1
5128845541,12.3355449,45.4380783,1
5128845543,12.3355697,45.4380672,1
4442519784,12.3451318,45.4385895,1
4442519781,12.3454741,45.4385972,1
1856239849,12.3496761,45.4343526,5
1856239848,12.3482747,45.4375616,1
4442519789,12.345262,45.4386167,1
1862236405,12.334305,45.4334484,1
1862236407,12.3279781,45.4353003,2
1862236412,12.3280479,45.4353103,2
1862236415,12.3279075,45.4352643,2
10012621055,12.3155214,45.4411294,3
4442519811,12.3455951,45.4387805,1
5573966101,12.3302659,45.4411604,2
5573966103,12.3300101,45.4409078,2
5573966104,12.3298179,45.4409975,2
5573966102,12.330584,45.4409851,2
1856239896,12.3494844,45.434203,5
1856239900,12.349586,45.4346245,5
4458182949,12.3378245,45.4388158,1
4458182951,12.3377905,45.4388328,1
4442519850,12.3459944,45.4399231,1
4458182965,12.3379033,45.4389288,1
4458182968,12.3378617,45.4389434,1
1856239937,12.3488209,45.4351135,1
1856239950,12.3494239,45.434069,5
5719718227,12.333093,45.4355583,1
5719718228,12.3331186,45.4355744,1
1856239962,12.3494307,45.4367409,1
5341870435,12.3560006,45.4303376,5
1856239977,12.3482336,45.4371078,1
1856239984,12.349117,45.43482,5
1856240010,12.3488875,45.4373222,1
1856240012,12.3462657,45.4374293,1
3171350931,12.3234099,45.4416368,4
3171350932,12.3239776,45.4418802,4
4471844157,12.3073129,45.4429,3
4841306530,12.3296426,45.4401895,2
3171350949,12.3235978,45.4422359,4
3171350950,12.3248058,45.4424764,4
3171350952,12.3240951,45.4425176,4
314407337,12.3366644,45.4353854,1
3171350955,12.3245063,45.4427619,4
3171350956,12.324558,45.4427927,4
3171350957,12.324616,45.4428289,4
3171350959,12.3241711,45.4431506,4
1856240048,12.3489449,45.4364433,1
3171350953,12.3249163,45.4425384,4
3171350960,12.3244769,45.4432747,4
1856240060,12.3493314,45.4361617,1
2591390159,12.360971,45.4256494,5
1856240080,12.3496121,45.4340412,5
2591390164,12.3603566,45.4269653,5
2591390165,12.3602507,45.4273861,5
2591390167,12.3601846,45.4280118,5
2591390169,12.3603043,45.4284751,5
2591390171,12.360913,45.428658,5
2591390170,12.3609044,45.4284825,5
2591390168,12.3618332,45.4284508,5
2591390172,12.36037,45.4287167,5
2591390177,12.3615406,45.4295706,5
2591390180,12.3604933,45.4301053,5
2591390175,12.3605502,45.4294751,5
2591390178,12.3605594,45.430064,5
5188254179,12.3362909,45.4340804,1
1856240124,12.3497473,45.4338116,5
1856240126,12.3493631,45.4339985,5
1856240133,12.3487207,45.4348189,1
1523677707,12.346283,45.4398176,1
1856240147,12.3480239,45.436901,1
13849459237,12.3296719,45.4399796,2
13849459238,12.3296289,45.4400022,2
10579323945,12.3193702,45.4312982,0
179010096,12.3349378,45.4425684,1
1856240189,12.3488942,45.4348239,1
10579323950,12.3190903,45.4313513,0
10579323951,12.3193468,45.4313026,0
1856240208,12.3490128,45.4374207,1
10579323952,12.3190613,45.4313568,0
11866765912,12.3441144,45.4382141,1
10579323955,12.319802,45.4311822,0
5137758827,12.3248718,45.4350115,2
1835858547,12.3172624,45.4349605,3
10579323959,12.3193139,45.4313089,0
1835858552,12.3135843,45.4332615,0
1835858548,12.3117485,45.4329525,0
1835858554,12.3142715,45.433653,0
1835858558,12.3176647,45.4342059,0
1835858560,12.3134972,45.4326489,0
1835858565,12.3120775,45.4322837,0
14031518335,12.3571874,45.4290213,5
1835858570,12.3203352,45.4355554,3
315259530,12.3346851,45.4409908,1
315259532,12.3360788,45.4407563,1
2960030349,12.3353905,45.438994,2
2960030350,12.3353427,45.4390284,2
315259533,12.335801,45.4408503,1
315259536,12.3371405,45.4409473,1
315259534,12.3374338,45.4408871,1
13740440217,12.3344262,45.4352855,1
13740440218,12.3344942,45.4351729,1
1799420573,12.3082744,45.4426795,3
1799420572,12.3079214,45.4422642,3
1799420570,12.3078848,45.4421174,3
315259554,12.3370825,45.4387818,1
315259555,12.3366733,45.4387913,1
4813060802,12.3312527,45.4385827,2
315259591,12.3340505,45.4343854,1
3398708096,12.3182874,45.437401,3
315259622,12.342329,45.4420379,1
315259638,12.3398106,45.4404659,1
5805275906,12.3305101,45.4328703,1
3398708105,12.3183222,45.4374241,3
315259664,12.3381847,45.4424831,1
61078299,12.3408857,45.435384,1
3398708109,12.3193788,45.4374388,3
315259678,12.3399671,45.4403495,1
3398708110,12.3193493,45.437441,3
315259692,12.3395616,45.441009,1
3398708114,12.3202675,45.437467,2
315259726,12.3348247,45.442458,1
315259727,12.3345375,45.4426103,1
315259732,12.3351183,45.4409538,1
1856239798,12.3487734,45.4344243,1
315259734,12.335333,45.4408563,1
315259736,12.3356687,45.4407071,1
315259740,12.3222887,45.4445915,4
14031518564,12.3561104,45.4301297,5
14031518568,12.3561208,45.43019,5
14031518573,12.3562303,45.4300966,5
14031518584,12.3560824,45.4297072,5
14031518591,12.3559312,45.429781,5
315259776,12.3283536,45.4455361,4
315259779,12.3312293,45.4456207,4
14031518595,12.3555706,45.4300666,5
14031518605,12.3564637,45.4295269,5
14031518618,12.3563789,45.4292876,5
14031518616,12.3562388,45.4289894,5
315259809,12.3246013,45.4435375,4
315259805,12.3419888,45.441792,1
315259814,12.322724,45.4430179,4
14031518623,12.3562594,45.4290249,5
14031518624,12.3569909,45.4293582,5
14031518625,12.3566591,45.4292004,5
14031518628,12.3570856,45.4292663,5
141032363,12.3459599,45.437961,1
14031518638,12.3566032,45.4286254,5
14031518651,12.3572418,45.4283459,5
4803886010,12.3282988,45.4372919,2
4803886011,12.3280219,45.4377196,2
14031518653,12.3571312,45.4284123,5
4068932557,12.3156356,45.4429764,3
14031518663,12.357479,45.4282824,5
1920433109,12.3485512,45.433198,5
1920433114,12.3474357,45.4336191,1
1920433115,12.3473736,45.4336322,1
1920433116,12.3470975,45.4336904,1
1920433118,12.3462537,45.4338148,1
1920433119,12.3429011,45.4339156,1
1920433120,12.3450811,45.4339626,1
1920433127,12.3472249,45.4346212,1
1920433132,12.3449285,45.4347018,1
1920433135,12.347777,45.4347103,1
1920433141,12.3458218,45.4348421,1
1920433142,12.346956,45.4348855,1
1920433143,12.3471648,45.4349354,1
1920433145,12.3476132,45.4349695,1
1920433146,12.3450827,45.4349743,1
1920433148,12.3474219,45.4350011,1
1920433149,12.3468935,45.4350294,1
1920433150,12.3475559,45.4350518,1
10118200319,12.3586171,45.4317002,5
1920433151,12.3479294,45.4350929,1
10118200318,12.3586825,45.4317166,5
1920433154,12.3473216,45.4352584,1
1920433156,12.3472558,45.4353041,1
49544200,12.3268726,45.447713,4
10118200325,12.3544325,45.4310115,5
1920433158,12.3467656,45.4353348,1
10118200326,12.3544431,45.4309482,5
1920433162,12.348173,45.4354312,1
1920433163,12.3471729,45.4354349,1
49544203,12.3281736,45.4473527,4
1920433166,12.3483111,45.4355057,1
1920433169,12.3489673,45.4355357,1
315259923,12.3282444,45.4416046,2
1920433172,12.3471386,45.4355717,1
1920433177,12.3436938,45.4356497,1
1920433179,12.3477791,45.4356975,1
1920433181,12.3487333,45.4357343,1
1920433183,12.3481135,45.4357373,1
1920433186,12.3450916,45.4357625,1
1920433188,12.3486019,45.4356608,1
1920433192,12.3480848,45.4357822,1
1920433193,12.3459378,45.4358044,1
1920433194,12.3480581,45.4358187,1
5215877344,12.3595137,45.4330694,5
1920433197,12.3453042,45.4358755,1
1920433199,12.3479968,45.4359021,1
1920433201,12.3474036,45.4359181,1
1920433203,12.3483528,45.4359395,1
1920433205,12.3435977,45.4359693,1
3398708165,12.3175383,45.4377793,3
1920433206,12.3481421,45.4359748,1
1920433209,12.3478656,45.4360517,1
1920433210,12.3483189,45.4360599,1
1920433211,12.3453095,45.4360559,1
5215877347,12.3595731,45.4330011,5
6224562666,12.3575084,45.4317931,5
1920433217,12.3480053,45.4361198,1
1920433222,12.3472691,45.4361663,1
1920433226,12.3452225,45.4361836,1
1920433225,12.3452995,45.4361814,1
1920433228,12.3433364,45.4361962,1
1920433231,12.3456715,45.4361995,1
1920433234,12.3480883,45.4363085,1
6224562667,12.3575813,45.4317614,5
1920433237,12.3452501,45.4363543,1
1920433240,12.3481414,45.4364587,1
1920433242,12.3484542,45.4365843,1
1077050465,12.3235579,45.4431583,4
1920433247,12.3457882,45.436704,1
1920433248,12.3427752,45.4366867,1
1920433251,12.348714,45.436777,1
1920433254,12.3444916,45.436888,1
1077050477,12.3236,45.4432298,4
1920433257,12.3478812,45.4368841,1
1920433259,12.3481822,45.436924,1
7908883565,12.3366718,45.4424985,1
1920433264,12.3463586,45.4369757,1
1920433265,12.3468718,45.4369926,1
1920433267,12.3449863,45.4370768,1
1920433268,12.3479922,45.4370848,1
3398708178,12.3192655,45.4378402,3
1920433275,12.3429325,45.437248,1
1920433277,12.3481977,45.4373116,1
1920433278,12.3476838,45.4373016,1
6224562669,12.3576035,45.4317187,5
1920433291,12.3459038,45.4374533,1
1920433297,12.3439365,45.4375758,1
1920433305,12.3453077,45.4382725,1
1920433307,12.3467886,45.438415,1
1920433309,12.3464397,45.4384823,1
298024094,12.3344296,45.441398,1
298024095,12.3342123,45.4415352,1
1077050538,12.3230452,45.4432389,4
61078695,12.3401391,45.4381499,1
315260077,12.3342676,45.4360107,1
315260078,12.3345663,45.435694,1
61078728,12.3395958,45.439881,1
61078729,12.3394867,45.4402741,1
3398708194,12.3171082,45.4378987,3
6224562672,12.3575164,45.4316486,5
4483939540,12.3385525,45.4358966,1
4483939546,12.3385885,45.4358999,1
4483939547,12.33748,45.4359003,1
3398708200,12.3177516,45.4379098,3
315260142,12.3357392,45.4354952,1
4483939567,12.3375125,45.4359362,1
4483939569,12.3375026,45.4359407,1
1077050613,12.3231297,45.4432993,4
315260143,12.3362866,45.4354286,1
315260147,12.3360111,45.4356557,1
5365628147,12.3207757,45.4380739,2
315260161,12.3403105,45.4420265,1
3398708205,12.3181599,45.4379233,3
1077050626,12.3236628,45.4430894,4
6224562674,12.357597,45.4315702,5
13848968462,12.3285925,45.4407008,2
1996193041,12.3573109,45.439226,1
1077050646,12.3238919,45.4433098,4
315260178,12.3403798,45.4416628,1
315260180,12.3403205,45.4413331,1
315260186,12.340276,45.4406368,1
3398708211,12.3187725,45.4379459,3
315260196,12.3422312,45.4363959,1
315260197,12.3418588,45.4367697,1
315260198,12.342856,45.4361001,1
4843928873,12.3297017,45.4370278,2
1828664300,12.3183709,45.4393389,3
4483939645,12.3373449,45.4361998,1
315260223,12.3445145,45.4385385,1
315260224,12.3466961,45.4380199,1
315260226,12.3441356,45.4382593,1
2482252794,12.3230872,45.4449346,4
315260234,12.3448798,45.4395251,1
10584030538,12.3310489,45.4431306,4
6224562677,12.3579848,45.431711,5
10584030541,12.3312128,45.4431126,4
315260238,12.3425784,45.4387687,1
315260242,12.3442143,45.4382446,1
3398708221,12.3167511,45.4379782,3
5214698845,12.355465,45.4315329,5
5214698847,12.3556478,45.4316239,5
5214698848,12.3555454,45.4315448,5
5214698849,12.3556608,45.4315546,5
5214698853,12.3556371,45.4322155,5
1077050730,12.3236141,45.4431214,4
5214698860,12.3558584,45.4313037,5
5214698861,12.3560425,45.4313201,5
315260265,12.3354293,45.4347054,1
1640267121,12.3362657,45.439726,1
298024306,12.3354678,45.4422042,1
315260279,12.3429267,45.4384294,1
315260283,12.3404192,45.4392797,1
6224562679,12.3577286,45.4318956,5
315260284,12.3408344,45.4392099,1
315260289,12.3384379,45.4433751,1
315260290,12.3404357,45.4389205,1
315260291,12.3396583,45.4409568,1
315260295,12.3397355,45.441242,1
315260296,12.3347138,45.4357457,1
315260299,12.3407246,45.4389814,1
4212293010,12.3188432,45.4389304,3
1077050775,12.3239362,45.4435693,4
315260312,12.3353172,45.435177,1
315260313,12.3354344,45.4351662,1
1077050786,12.3239773,45.4432446,4
4212293020,12.337434,45.4322249,1
7916546781,12.3286533,45.4468525,4
4803886497,12.3284311,45.4373382,2
4803886498,12.3281473,45.4377533,2
7916546782,12.3285028,45.4468974,4
10167025071,12.3086777,45.442928,3
1918860713,12.3328044,45.4347574,1
10167025074,12.3087331,45.4433186,3
7916546783,12.3285883,45.4470695,4
1918860719,12.3324841,45.4348447,1
3398708240,12.3168441,45.4380451,3
1918860725,12.3320126,45.4350328,1
9956818362,12.3655966,45.4254977,5
9956818363,12.3654168,45.4262593,5
298024383,12.3352304,45.4423045,1
298024384,12.3342193,45.4439984,4
2482252820,12.3239337,45.4460879,4
9956818368,12.3657421,45.4254492,5
9956818371,12.36539,45.4263728,5
1077050828,12.3230236,45.4433278,4
3527986499,12.3214666,45.4411719,4
9055796706,12.3210759,45.4403,4
9055796707,12.3218773,45.4410189,4
9055796709,12.3211788,45.4402778,4
9055796710,12.32121,45.4402677,4
1077050857,12.3237259,45.4431972,4
3048242667,12.3544629,45.43811,1
1077050860,12.3239663,45.4437433,4
5368446447,12.3299072,45.4429862,4
5368446454,12.3297573,45.4430264,4
2482252830,12.3243068,45.4464083,4
3398708254,12.3183921,45.4381422,3
1077050882,12.3241579,45.44336,4
2482252836,12.3243796,45.4465498,4
3398708260,12.3183131,45.438189,3
49544729,12.3287491,45.4482782,4
49544732,12.3289195,45.4485597,4
1918795294,12.3287471,45.4330637,1
1077050913,12.3238062,45.4433736,4
1918795297,12.3303448,45.43307,1
2482252838,12.3250483,45.4473388,4
4598824498,12.3355796,45.4346724,1
4483939892,12.3349622,45.4370057,1
4483939893,12.3349439,45.4370242,1
1077050937,12.3231232,45.4432352,4
4483939894,12.3350263,45.4370382,1
4483939895,12.3350086,45.4370567,1
4483939899,12.3351325,45.4370922,1
4483939902,12.3351151,45.4371101,1
2105644725,12.3257594,45.4448469,4
1856305077,12.3463805,45.4344562,1
1077050945,12.323807,45.443135,4
3398708270,12.3181683,45.4382748,3
2105644727,12.3247806,45.4453329,4
4483939918,12.3353037,45.4372196,1
4483939919,12.3353753,45.4372352,1
4483939922,12.335353,45.4372523,1
4483939926,12.3353474,45.4372566,1
2105644731,12.3238548,45.4466764,4
1077050971,12.3236843,45.443169,4
2105644732,12.323932,45.4469046,4
6308724333,12.3340659,45.4431686,4
6308724338,12.3335125,45.4431953,4
6308724339,12.3336929,45.4433228,4
1854307957,12.3252448,45.4359479,2
2105644735,12.3239226,45.4470203,4
1854307959,12.3249551,45.4355041,2
2482252855,12.325208,45.4477915,4
2482252856,12.3253256,45.4479968,4
1077051007,12.323975,45.4434904,4
8616803972,12.3318301,45.4431119,4
3398708285,12.3185099,45.4383729,3
11412700841,12.3147462,45.440384,3
5131599533,12.3457407,45.4391105,1
5128847035,12.3360259,45.4377708,1
5128847037,12.3360219,45.4377985,1
5131599550,12.3470699,45.4373596,1
5131599552,12.3472867,45.4371476,1
5131599551,12.3470838,45.4371259,1
5476351704,12.3251638,45.4324935,0
5131599585,12.3458232,45.43764,1
5131599587,12.3462843,45.4376204,1
1794539239,12.3378159,45.4363647,1
5373263598,12.3245135,45.4344375,2
12438019586,12.3171842,45.4395027,3
8104017659,12.3210821,45.4437483,4
3508764420,12.3300744,45.4388546,2
12438019589,12.3177202,45.4391188,3
12438019590,12.3175312,45.4392694,3
12438019592,12.3168974,45.4387131,3
4843929370,12.3290557,45.4392595,2
4482727711,12.337844,45.4362821,1
4843929371,12.3289583,45.4391766,2
248119073,12.3456666,45.4401179,1
12438019593,12.3171647,45.4389475,3
12438019594,12.317454,45.4392013,3
3508764453,12.3315776,45.4399479,2
3508764455,12.331613,45.439987,2
3508764459,12.3319809,45.4400266,2
3508764491,12.3315847,45.4405004,2
5373787990,12.3522659,45.4314612,5
8670969688,12.3356013,45.4382549,1
355598171,12.3383923,45.4354683,1
5373787996,12.3528326,45.4312128,5
355598186,12.3383028,45.4360827,1
355598197,12.338214,45.4363407,1
355598200,12.3367121,45.4398176,1
355598201,12.3365916,45.4396996,1
5709201277,12.3308827,45.4350362,1
4482727824,12.3375922,45.4366223,1
1844015311,12.358986,45.4341137,5
7965769622,12.3384318,45.4350953,1
4482727830,12.3373805,45.4366307,1
3508764595,12.3270142,45.4405076,2
3508764596,12.3273156,45.4405155,2
3508764603,12.3271486,45.4405468,2
2407169981,12.3585924,45.4301852,5
3508764615,12.3273337,45.4406296,2
3508764632,12.3318692,45.4408038,2
29229024,12.3187111,45.432574,0
3508764646,12.3275077,45.4409885,2
4910284789,12.3287564,45.4391152,2
